Ticker,Pred_Average,Rentabilidad,Dif_Average,Sector
BLK,-2.3433025836944585,-2.2382406017722447,0.1050619819222138,financial-services
PYPL,1.6650877714157095,1.5391313450235369,0.1259564263921728,financial-services
APA,17.914691162109374,17.695699656768205,0.2189915053411688,energy
BXP,9.165713500976564,9.388612373072323,0.2228988720957598,real-estate
NXPI,1.778679466247559,2.0270760706844597,0.248396604436901,technology
RVTY,7.90818374156952,8.327253350966608,0.4190696093970878,healthcare
DHR,8.159709930419922,8.700938083761017,0.5412281533410948,healthcare
WTW,-2.9190418243408205,-3.46124513702887,0.5422033126880494,financial-services
CRM,8.98119502067566,8.29602630137822,0.6851687192974403,technology
FRT,4.598166084289551,5.321565013750531,0.7233989294609797,real-estate
SHW,-1.940918254852295,-1.2125180053675462,0.7284002494847488,basic-materials
CMS,-1.371596276760101,-0.5906395215982801,0.7809567551618212,utilities
MCD,-3.392108535766602,-2.5285774816730635,0.8635310540935386,consumer-cyclical
YUM,-1.665237478911877,-2.5807196162310633,0.9154821373191864,consumer-cyclical
PHM,-1.4350767612457278,-0.5006252749648678,0.93445148628086,consumer-cyclical
KIM,-0.4836921215057375,-1.419784664672895,0.9360925431671576,real-estate
PEP,1.5290344238281257,2.500757716151982,0.971723292323856,consumer-defensive
PCAR,3.01734556555748,2.018864514281684,0.998481051275796,industrials
DIS,-1.2875837802886965,-0.2303282363235852,1.0572555439651112,communication-services
CBOE,-0.4806133270263672,-1.5470944330066383,1.066481105980271,financial-services
PFE,2.900530481338501,1.7333887091571156,1.1671417721813853,healthcare
SO,-1.8139671802520752,-0.591891447668217,1.2220757325838585,utilities
GWW,2.883087158203125,4.119236995088655,1.23614983688553,industrials
HD,0.1368581175804135,-1.1462544328953843,1.283112550475798,consumer-cyclical
ETN,7.337947511672974,5.941801887741307,1.396145623931667,industrials
ON,3.7942066431045536,5.232195147054215,1.4379885039496614,technology
V,4.245357203483582,2.7852551241110612,1.460102079372521,financial-services
IEX,10.223465919494627,8.621196149423705,1.602269770070924,industrials
OMC,2.531571102142334,4.150328226945336,1.6187571248030022,communication-services
ADM,7.169490408897401,5.51203396636704,1.6574564425303606,consumer-defensive
ZBH,4.14551043510437,2.414064680473339,1.731445754631031,healthcare
DTE,-4.314449262619019,-2.5545300863025076,1.7599191763165112,utilities
NI,-1.7288866996765138,0.0513086701863997,1.7801953698629136,utilities
TDY,-6.037083625793457,-4.237179821442242,1.7999038043512154,technology
WMB,-1.0088271379470826,0.8150655003696596,1.8238926383167424,energy
MCHP,-7.163589525222779,-5.085104808185579,2.0784847170372,technology
BMY,5.171286392211915,2.961182604271334,2.210103787940581,healthcare
XYZ,1.0481378555297851,-1.1841197798088194,2.232257635338605,technology
K,2.2063620090484624,4.483549333476907,2.277187324428445,consumer-defensive
OTIS,4.444088065624237,6.729862354717528,2.2857742890932906,industrials
CDNS,-2.1275369644165036,-4.413960072123221,2.286423107706717,technology
FANG,4.551644420623779,2.1969273727806655,2.3547170478431134,energy
ABT,-3.5915374755859375,-5.974773132394853,2.3832356568089157,healthcare
ROL,1.1392147302627564,-1.2603623681561034,2.3995770984188596,consumer-cyclical
ORLY,-6.301805114746094,-8.727166012142748,2.4253608973966534,consumer-cyclical
PKG,3.49276351928711,1.0489478267862296,2.4438156925008796,consumer-cyclical
AFL,2.908730697631836,5.372315527865141,2.463584830233305,financial-services
PTC,-6.228381729125977,-3.6914871868358414,2.5368945422901357,technology
HIG,0.6684337854385376,-1.9967198010565783,2.6651535864951157,financial-services
PG,1.3958651065826415,-1.3476364181676193,2.743501524750261,consumer-defensive
UNP,2.3594390869140627,-0.4103800387265475,2.7698191256406104,industrials
IPG,1.782623386383057,4.629152264817278,2.8465288784342206,communication-services
IT,5.2229434013366705,8.119636770539024,2.896693369202354,technology
TT,8.034367299079895,5.0368202086395275,2.997547090440367,industrials
JBL,-2.8384765625000012,0.2182943727169418,3.056770935216943,technology
MA,1.834885787963867,-1.5147820869321853,3.349667874896052,financial-services
DE,-5.211241149902344,-8.56581162142707,3.3545704715247258,industrials
AIG,0.3004508137702942,3.686664338350434,3.3862135245801395,financial-services
VST,-4.761411476135254,-8.311340088685276,3.549928612550022,utilities
PRU,0.9501739501953126,4.622280347894414,3.672106397699101,financial-services
NUE,5.569947338104248,9.33953040720584,3.769583069101591,basic-materials
LH,-5.868366074562073,-2.055544877841921,3.812821196720152,healthcare
CCL,-4.501327562332153,-0.6204767451072826,3.8808508172248706,consumer-cyclical
TRMB,-7.244330978393554,-3.3567580656211167,3.8875729127724377,technology
AXON,-11.994812774658204,-15.929365523632422,3.934552748974218,industrials
SYY,-2.978778076171875,-6.974192387632916,3.995414311461041,consumer-defensive
IFF,2.7963685214519503,-1.3115822584530226,4.107950779904973,basic-materials
AMGN,9.799709463119507,5.672965110467616,4.126744352651891,healthcare
AVY,-0.7120273113250732,3.450824580872468,4.162851892197541,consumer-cyclical
ABNB,9.643257200717928,5.4236459238832655,4.219611276834662,consumer-cyclical
CB,-1.4287150144577023,2.8331680784158193,4.261883092873521,financial-services
HST,1.8205517053604128,6.129373404610265,4.308821699249852,real-estate
KMI,2.184167528152466,-2.130043684413063,4.314211212565529,energy
RF,-5.204666709899903,-0.8261949905846491,4.378471719315254,financial-services
LKQ,12.849838113784791,8.454632662530875,4.395205451253917,consumer-cyclical
EL,1.9694412708282472,6.402475474293498,4.43303420346525,consumer-defensive
DOV,0.1482930660247802,4.604891926912336,4.4565988608875555,industrials
EW,1.2895387172698975,5.8000726618324,4.510533944562502,healthcare
EXE,9.444136619567873,4.892735725466929,4.551400894100942,energy
PNW,-1.030232048034668,-5.608874178607561,4.578642130572893,utilities
NOW,0.5752931594848634,5.166342656837771,4.591049497352907,technology
TDG,2.4563818693161013,-2.145711256784169,4.60209312610027,industrials
KR,-8.645306015014649,-13.29538723072288,4.650081215708232,consumer-defensive
MAR,4.901671123504639,0.2510301381751784,4.650640985329461,consumer-cyclical
O,-1.7130248546600342,2.9612301824424145,4.674255037102449,real-estate
STE,-4.700872230529786,0.03133014466976,4.732202375199546,healthcare
NTRS,-1.207110834121704,3.8001039906920338,5.007214824813738,financial-services
WMT,3.4084779739379885,-1.652137801129446,5.0606157750674345,consumer-defensive
PH,1.7162366867065433,6.797498036247419,5.081261349540876,industrials
FITB,-3.1233269691467287,1.991637204623936,5.114964173770665,financial-services
MSFT,-5.585560989379883,-0.4183257158512099,5.167235273528673,technology
MHK,-0.4399497628211975,-5.65379637287998,5.213846610058782,consumer-cyclical
GL,-11.479990196228028,-6.216989179191813,5.263001017036215,financial-services
MDT,-5.8570809841156,-0.5918466990032057,5.2652342851123946,healthcare
HWM,8.179806375503542,13.496081410925834,5.316275035422292,industrials
ADSK,-2.4771999359130863,2.8499287968288964,5.327128732741983,technology
CTSH,0.487027931213379,5.908825425940199,5.42179749472682,technology
FTV,11.6731897354126,6.219189375255007,5.454000360157592,technology
CDW,4.3285691261291515,-1.180706622523574,5.509275748652725,technology
TFC,-0.1098567008972168,5.433506164751132,5.54336286564835,financial-services
COP,2.3142037808895113,-3.2472365124353724,5.561440293324884,energy
ESS,4.489698505401612,-1.0877708209505483,5.57746932635216,real-estate
JPM,3.3687398433685303,8.953988149354934,5.585248305986404,financial-services
KO,4.181457328796387,-1.4221151225343824,5.60357245133077,consumer-defensive
LNT,-3.811009049415589,1.818608156108758,5.6296172055243465,utilities
TROW,5.424583196640015,-0.271257958504278,5.695841155144293,financial-services
WRB,7.728075981140137,1.8793140999820337,5.8487618811581035,financial-services
ORCL,-0.3737982869148255,5.483666079114307,5.857464366029133,technology
HAS,-6.394174909591675,-0.4742300888090595,5.919944820782616,consumer-cyclical
TPL,2.9899919986724854,8.93870604989178,5.948714051219294,energy
ELV,6.542949485778809,12.50558928398823,5.9626397982094215,healthcare
CNP,-7.042481422424316,-1.055381677652558,5.987099744771759,utilities
LUV,9.083841514587402,3.0787038704267533,6.005137644160648,industrials
ED,-0.4071706771850585,-6.4617924646487825,6.054621787463724,utilities
VZ,0.2435070514678956,-5.883295175074764,6.12680222654266,communication-services
EQT,10.700501394271852,4.566744878877038,6.133756515394814,energy
WAB,2.713458919525147,8.936857068356513,6.223398148831366,industrials
T,-4.588705921173096,-10.846542070624974,6.257836149451878,communication-services
HOLX,2.3440122604370117,8.803184646059776,6.4591723856227645,healthcare
BRK-B,-3.0564819335937505,3.4823514598369507,6.538833393430702,financial-services
AEE,-6.168023300170899,0.4198540153440316,6.58787731551493,utilities
CSCO,-1.4542505264282226,5.2238391328285605,6.678089659256783,technology
GILD,2.623487663269043,9.377835479970544,6.754347816701501,healthcare
MTB,7.691622161865235,0.8206731968336233,6.870948965031611,financial-services
REG,2.86870369464159,-4.010268741941035,6.878972436582625,real-estate
MET,1.230302619934082,8.127878657280299,6.897576037346217,financial-services
CINF,-4.386229825019837,2.6317700893397573,7.017999914359594,financial-services
SOLV,3.0673032283782966,-4.044469987689051,7.1117732160673475,healthcare
GEHC,12.602472877502445,5.462685602582588,7.139787274919855,healthcare
DPZ,-2.2797892093658443,-9.588255778501514,7.308466569135669,consumer-cyclical
MRK,0.7019449532032013,8.03697210018735,7.335027146984149,healthcare
NCLH,-15.712694358825685,-8.377602348120053,7.335092010705631,consumer-cyclical
DHI,4.22351508140564,-3.12560762731233,7.349122708717971,consumer-cyclical
ACGL,4.494208478927613,-2.869686061492954,7.363894540420567,financial-services
PODD,-4.286849927902222,3.1164626430847697,7.403312570986992,healthcare
DGX,-5.992829942703247,1.4123517167455202,7.405181659448767,healthcare
LYV,-6.6533910751342775,0.849797309319943,7.50318838445422,communication-services
CSX,-4.976403141021729,2.592756574869388,7.569159715891117,industrials
HLT,6.130386543273927,-1.4642163978895717,7.594602941163498,consumer-cyclical
FAST,-5.137757968902589,-12.881381282916127,7.743623314013538,industrials
DOC,-0.1471772193908691,7.647762495633337,7.794939715024206,real-estate
RJF,5.465186548233033,-2.3676504140076258,7.832836962240659,financial-services
FTNT,6.9203275680542,14.780872247465531,7.860544679411332,technology
EQIX,1.3561777591705328,9.2169254453569,7.860747686186366,real-estate
PNC,6.33804054260254,-1.5468705844168562,7.884911127019397,financial-services
CVX,-3.7890915393829343,4.123628259372985,7.91271979875592,energy
MCO,1.5940697669982913,-6.398559896412277,7.992629663410568,financial-services
NDSN,1.566853141784668,9.781798107351204,8.214944965566538,industrials
SLB,19.13550500869751,10.852583001532812,8.282922007164698,energy
SMCI,19.65240631103516,11.33490705608676,8.317499254948398,technology
NEE,4.698915803432465,13.01936631467576,8.320450511243294,utilities
NFLX,3.222096157073975,-5.211078731251405,8.433174888325379,communication-services
ZTS,6.099418830871582,-2.461072823853953,8.560491654725535,healthcare
BSX,6.39349536895752,-2.175600120131843,8.569095489089364,healthcare
UPS,4.962660121917725,13.586446664091405,8.623786542173677,industrials
LEN,12.705691146850588,4.005586617250031,8.700104529600555,consumer-cyclical
TPR,-7.083284151554109,1.6193710331646916,8.7026551847188,consumer-cyclical
SWK,8.387885856628419,-0.3707504590465592,8.758636315674979,industrials
ECL,4.353742933273315,-4.7272296364838375,9.080972569757153,basic-materials
NRG,3.037591171264649,12.165513145244509,9.12792197397986,utilities
ACN,12.63573226928711,3.466823117860687,9.168909151426424,technology
LOW,-8.863818407058716,0.3105328165156768,9.174351223574392,consumer-cyclical
NWSA,0.9613481283187866,-8.214073651073173,9.17542177939196,communication-services
EIX,11.526244163513184,2.347295277879551,9.178948885633632,utilities
SNA,-3.976002264022828,5.242582994586593,9.21858525860942,industrials
BK,-3.1031170845031744,6.117130902514649,9.220247987017824,financial-services
ITW,4.88533935546875,-4.419439345857671,9.30477870132642,industrials
NOC,-9.6786376953125,-0.278657623855396,9.399980071457104,industrials
DLR,-9.296886253356934,0.22587637367593,9.522762627032863,real-estate
WEC,-7.7804302215576175,1.756985030308551,9.537415251866168,utilities
FCX,12.135791015625,2.5724741373243565,9.563316878300643,basic-materials
DVN,10.624987792968753,1.0059372152297446,9.619050577739008,energy
MGM,1.9398391246795657,-7.721118916348995,9.66095804102856,consumer-cyclical
VLTO,1.59060115814209,-8.142633544418551,9.73323470256064,industrials
D,6.036657333374023,-3.8475465587125504,9.884203892086576,utilities
ADBE,10.607820510864258,0.6030711003568879,10.00474941050737,technology
AEP,-3.583611249923706,6.613474186742438,10.197085436666145,utilities
HPQ,20.47645149230957,10.249045574188724,10.227405918120848,technology
VICI,2.3894899368286135,-7.877108130198004,10.266598067026615,real-estate
HSY,1.446609115600586,-8.837822611793243,10.284431727393828,consumer-defensive
BX,-2.1062939167022705,-12.52684328111297,10.4205493644107,financial-services
IDXX,-13.674667358398438,-3.161244788196101,10.513422570202335,healthcare
DVA,3.814487981796265,-6.7898861559802075,10.604374137776473,healthcare
PPL,-9.435504722595216,1.1855521369617168,10.621056859556932,utilities
USB,-3.63253960609436,7.010192781984896,10.642732388079256,financial-services
NDAQ,-0.3851523637771605,-11.113091603289584,10.727939239512422,financial-services
UBER,-6.6350099563598635,4.132946915648204,10.767956872008067,technology
HBAN,8.932865715026857,-1.8365761595370813,10.769441874563938,financial-services
MAS,4.594953548908234,-6.19930290055122,10.794256449459454,industrials
CPT,4.722988641262054,-6.076388838866253,10.799377480128308,real-estate
META,-3.6655224323272706,-14.83827510116725,11.17275266883998,communication-services
PNR,-6.799156165122986,4.43927574120231,11.238431906325296,industrials
RMD,-0.3634586334228515,-11.69828793375934,11.334829300336487,healthcare
PSX,3.893524885177612,15.241437091392308,11.347912206214694,energy
TSCO,1.8391932964324953,-9.508900267978364,11.34809356441086,consumer-cyclical
SYK,6.255068588256837,-5.13301872654793,11.388087314804768,healthcare
COST,4.769997453689575,-6.620338676116108,11.390336129805682,consumer-defensive
SCHW,-12.68221435546875,-1.2536533938413756,11.428560961627374,financial-services
XOM,-2.6273932695388797,8.94211044443855,11.56950371397743,energy
WDAY,-3.0017655372619627,8.570912665216389,11.57267820247835,technology
EQR,5.649051284790039,-5.9650017455977595,11.614053030387796,real-estate
RTX,3.472003746032715,15.104101326294556,11.63209758026184,industrials
WSM,-13.94665756225586,-2.291341403079601,11.65531615917626,consumer-cyclical
SYF,-3.016757154464722,8.663258684525136,11.680015838989858,financial-services
IBKR,-2.0381086349487303,9.649450190799874,11.687558825748605,
AON,5.0646079063415534,-6.670686295631839,11.735294201973392,financial-services
L,-5.117936658859253,6.8598216203499405,11.977758279209194,financial-services
GEN,5.7386698722839355,-6.3844337945166165,12.123103666800551,technology
TRV,-10.49279580116272,1.6372317516035726,12.130027552766292,financial-services
URI,-10.1120512008667,2.138279908894689,12.250331109761389,industrials
EXC,-10.08016405105591,2.175417536750578,12.255581587806487,utilities
WST,5.001474666595459,17.265326015322604,12.263851348727144,healthcare
TXT,16.74665050506592,4.458068311425622,12.288582193640297,industrials
GRMN,6.121776390075684,-6.210107625668358,12.33188401574404,technology
ATO,-6.311044597625733,6.079634177539495,12.390678775165227,utilities
ETR,-5.63931188583374,6.84694852631779,12.48626041215153,utilities
VTR,-4.424627017974854,8.143522974481545,12.568149992456398,real-estate
ALLE,-11.366530227661134,1.2397695805510554,12.606299808212189,industrials
HON,11.787849426269531,-0.8573566416079271,12.645206067877458,industrials
AIZ,-7.395870590209961,5.301270488080252,12.697141078290214,financial-services
CBRE,-13.95213050842285,-1.2503290534716958,12.701801454951156,real-estate
LW,6.28606595993042,19.14708934263323,12.86102338270281,consumer-defensive
HUM,-3.9302112579345705,8.987665772178543,12.917877030113116,healthcare
MRNA,15.0808988571167,2.0668892312862073,13.014009625830491,healthcare
CEG,-1.1171963214874268,12.20074024026247,13.317936561749896,utilities
MSCI,-5.123741340637207,8.23821559432166,13.361956934958869,financial-services
TRGP,6.380253028869629,-7.086475536991357,13.466728565860986,energy
NSC,-12.47788257598877,1.0375454235547563,13.515427999543528,industrials
DAL,-6.197235345840455,7.31935611053296,13.516591456373416,industrials
AZO,4.028948020935059,-9.504157028104917,13.533105049039976,consumer-cyclical
AME,-2.705504608154297,11.084506031137083,13.79001063929138,industrials
SRE,-1.6658092498779298,12.124729173051774,13.790538422929703,utilities
ALL,7.715051841735841,-6.1148430186525555,13.829894860388396,financial-services
EG,9.79908142089844,-4.153589863272133,13.952671284170572,financial-services
ADI,-8.612262201309205,5.349572496410878,13.961834697720082,technology
LHX,-7.943817281723023,6.050343197168716,13.99416047889174,industrials
MLM,-11.728703689575196,2.269979518576072,13.998683208151268,basic-materials
CTRA,14.511240577697755,0.4496512546717881,14.061589323025968,energy
ULTA,-11.498547792434692,2.7085744100555047,14.207122202490195,consumer-cyclical
INTU,2.2587217807769777,-12.189961120646425,14.448682901423403,technology
SWKS,-0.0838985443115234,14.435583143242358,14.51948168755388,technology
EBAY,2.3182572364807132,-12.314673361078974,14.632930597559689,consumer-cyclical
SPG,-7.810327339172364,6.9159501874782565,14.72627752665062,real-estate
AKAM,15.22858123779297,0.4547837455529642,14.773797492240003,technology
AES,-5.543003273010254,9.309966672060607,14.85296994507086,utilities
XYL,-9.48023681640625,5.428215150168544,14.908451966574797,industrials
PEG,7.752909755706788,-7.170554970832005,14.923464726538793,utilities
NWS,6.125815439224244,-8.872429255871078,14.99824469509532,communication-services
WFC,-1.571380424499512,13.537851554703154,15.109231979202669,financial-services
GDDY,3.719857501983643,-11.394339512271214,15.114197014254858,technology
KEYS,-1.747299432754517,13.463570055111434,15.210869487865953,technology
VRTX,-1.920681953430176,13.294998214263067,15.215680167693243,healthcare
CF,16.456806945800782,1.0752486077254468,15.381558338075337,basic-materials
SBUX,4.848857021331788,-10.565153208259352,15.414010229591138,consumer-cyclical
VMC,-12.635535430908204,2.793553730972597,15.4290891618808,basic-materials
DLTR,0.0521734714508058,-15.397746971359677,15.44992044281048,consumer-defensive
FE,-10.037877655029298,5.501849171045358,15.539726826074656,utilities
BF-B,4.1119046926498415,-11.443091160686397,15.554995853336235,consumer-defensive
CME,10.510249137878418,-5.050770299524849,15.561019437403267,financial-services
NTAP,-1.6673495292663576,13.906884862896638,15.574234392162996,technology
PLD,2.064209270477295,17.78772575307754,15.723516482600246,real-estate
PSA,14.867806243896483,-0.8600484911598615,15.727854735056347,real-estate
EMR,-10.24311103820801,5.4886661090186175,15.731777147226628,industrials
KMB,4.279485845565796,-11.61130248396646,15.890788329532256,consumer-defensive
MDLZ,8.766450786590577,-7.175614762748584,15.94206554933916,consumer-defensive
GPC,11.670716953277587,-4.27322224434032,15.943939197617908,consumer-cyclical
KDP,-3.1390085697174075,-19.159945163708404,16.020936593990996,consumer-defensive
BKNG,9.664034652709962,-6.362510254757392,16.026544907467354,consumer-cyclical
SPGI,3.5227528095245364,-12.710948080585291,16.233700890109827,financial-services
DUK,-16.675130462646486,-0.4410725238259267,16.23405793882056,utilities
J,-10.065486907958984,6.238385077632575,16.30387198559156,industrials
ROST,-6.575082969665528,9.780078953260055,16.355161922925586,consumer-cyclical
GNRC,3.273056316375732,-13.17693232586851,16.449988642244243,industrials
COO,17.598662185668946,1.0260213080619551,16.57264087760699,healthcare
MOH,15.347894287109376,-1.251614478326613,16.59950876543599,healthcare
VTRS,-5.121795332431793,11.58269411588518,16.704489448316973,healthcare
WELL,-9.84394588470459,7.166917693921376,17.010863578625965,real-estate
ZBRA,2.220111441612244,-14.797002727953291,17.017114169565538,technology
KEY,-14.946874618530275,2.115167185405352,17.062041803935628,financial-services
MMM,-6.948901462554932,10.234156094903812,17.183057557458746,industrials
JBHT,3.305859065055847,20.70912956401574,17.40327049895989,industrials
LMT,-2.4012136936187747,15.02462143675691,17.425835130375685,industrials
COIN,-6.885499286651612,10.614881214756489,17.500380501408102,financial-services
VRSN,5.324119710922242,-12.226037515603576,17.55015722652582,technology
AOS,11.506611251831057,-6.049142624011742,17.555753875842797,industrials
APO,6.040771269798279,-11.58210231031232,17.6228735801106,financial-services
IR,17.767933654785157,0.0903388818547502,17.677594772930405,industrials
ES,-4.5212077617645265,13.224575092902349,17.745782854666874,utilities
MKC,9.819522857666016,-8.022772555205773,17.84229541287179,consumer-defensive
LDOS,-9.040262603759766,8.909275003588098,17.949537607347864,technology
CHD,12.95295524597168,-5.030489517885546,17.983444763857225,consumer-defensive
BA,6.704964256286622,-11.573482314994472,18.278446571281098,industrials
EMN,16.647806930541993,-1.640628718346675,18.28843564888867,basic-materials
DOW,30.35335502624512,11.96044758145026,18.392907444794854,basic-materials
EVRG,-12.20462703704834,6.386571564857868,18.591198601906207,utilities
EME,-9.267392492294311,9.476887006438504,18.744279498732816,
F,-0.8794212818145754,17.96384195429333,18.843263236107905,consumer-cyclical
CI,9.52777137756348,-9.356298107759129,18.884069485322605,healthcare
SJM,13.285573673248292,-5.739239815171915,19.024813488420207,consumer-defensive
GD,-8.286373138427734,10.77156785958374,19.057940998011475,industrials
EXR,16.74291114807129,-2.359872264327114,19.1027834123984,real-estate
CTVA,5.840949523448945,-13.31538119403165,19.156330717480593,basic-materials
JKHY,10.264435195922852,-8.906336471222843,19.170771667145697,technology
TGT,8.02918701171875,-11.303556434435368,19.33274344615412,consumer-defensive
ALGN,18.850104141235352,-0.6413485351639922,19.491452676399344,healthcare
INVH,13.726072311401367,-5.91568695024225,19.64175926164362,real-estate
HAL,9.7774471282959,29.514425711501968,19.736978583206067,energy
AVB,12.978220367431645,-6.764356957866763,19.74257732529841,real-estate
UDR,7.670439195632935,-12.105110835587691,19.775550031220625,real-estate
DD,-4.021757507324219,15.806331046357466,19.828088553681685,basic-materials
TJX,-13.576523590087891,6.520356927627699,20.09688051771559,consumer-cyclical
RCL,13.016012287139894,-7.12448656504244,20.140498852182333,consumer-cyclical
CL,11.788105010986328,-8.432787834145907,20.220892845132234,consumer-defensive
OXY,15.267528533935549,-4.977695521499322,20.245224055434868,energy
STT,-14.24885959625244,6.085940190345751,20.33479978659819,financial-services
DASH,14.277145910263062,-6.1330660600463975,20.41021197030946,consumer-cyclical
IRM,-7.404887294769288,13.026964083459564,20.431851378228853,real-estate
FDX,-6.7951030254364015,13.703617222326727,20.498720247763128,industrials
REGN,-3.892655873298646,16.61124431185156,20.503900185150208,healthcare
ABBV,-10.086516952514648,10.43541378765889,20.521930740173534,healthcare
RL,-7.363420486450195,13.159618987697185,20.523039474147375,consumer-cyclical
ODFL,17.37910194396973,-3.1977086972707363,20.576810641240467,industrials
CMI,-6.242531108856201,14.378697625536551,20.62122873439275,industrials
EPAM,24.31770057678223,3.676928864580332,20.640771712201897,technology
HPE,-0.3592914521694183,20.33848059416965,20.697772046339065,technology
TSN,12.794767570495608,-7.930148691654312,20.72491626214992,consumer-defensive
DRI,8.70228729248047,-12.121764506357373,20.824051798837843,consumer-cyclical
MAA,12.096946716308594,-8.759051019024417,20.855997735333013,real-estate
BR,3.908937323093414,-16.96842840582355,20.877365728916963,technology
PCG,-14.765124702453614,6.222843321100926,20.98796802355454,utilities
BRO,7.474103879928589,-13.66725707663884,21.14136095656743,financial-services
MTCH,10.708200073242187,-10.542650889831725,21.250850963073916,communication-services
HSIC,17.154255294799807,-4.0971179065590215,21.251373201358827,healthcare
COF,-14.967252922058105,6.415495677323634,21.38274859938174,financial-services
GIS,15.50221576690674,-5.892282240001972,21.394498006908712,consumer-defensive
XEL,-9.689385986328126,11.710644495997087,21.400030482325217,utilities
MOS,8.792464637756348,-12.760815906709874,21.553280544466222,basic-materials
BG,-6.257550454139709,15.322171042994428,21.579721497134138,consumer-defensive
MSI,13.429099845886231,-8.417799188759455,21.846899034645688,technology
GEV,12.496775817871091,-9.363649401774223,21.860425219645315,industrials
LIN,11.313459205627442,-10.60771682685646,21.921176032483903,basic-materials
DDOG,-2.604155731201172,19.37966837476784,21.98382410596901,technology
MCK,0.4757790088653564,22.474193388786563,21.998414379921208,healthcare
TTWO,-8.860101509094239,13.192630535268917,22.05273204436315,communication-services
HUBB,-9.259267234802246,12.817297183259544,22.07656441806179,industrials
BBY,0.7837791442871094,23.16899975998285,22.38522061569574,consumer-cyclical
PPG,15.16304168701172,-7.271711661166928,22.43475334817865,basic-materials
NVR,14.740867424011231,-7.912966855298094,22.65383427930933,consumer-cyclical
AMZN,-13.227674663066864,9.451887185216105,22.67956184828297,consumer-cyclical
EOG,14.857248878479004,-7.858709594459458,22.715958472938464,energy
BLDR,11.446670818328858,-11.49626464223624,22.942935460565096,industrials
DELL,-1.6505549907684327,21.397191631032577,23.04774662180101,technology
FICO,1.372431564331055,24.43799848329728,23.065566918966223,technology
LVS,-11.169443321228028,11.960008212285716,23.12945153351374,consumer-cyclical
WYNN,-11.99256522655487,11.221125218903245,23.213690445458113,consumer-cyclical
COR,-1.7251349687576296,21.566553311453013,23.291688280210643,healthcare
PFG,-11.135708236694338,12.25606097926482,23.39176921595916,financial-services
CPRT,16.74764938354492,-6.723058442385746,23.470707825930667,industrials
AJG,9.69290237426758,-13.77932335557132,23.4722257298389,financial-services
ISRG,-9.790043258666993,13.72257552485155,23.51261878351854,healthcare
BDX,19.2889461517334,-4.261872934276888,23.55081908601029,healthcare
CPB,16.30687408447266,-7.317363810746865,23.62423789521953,consumer-defensive
PWR,-7.816203117370606,15.977377736123447,23.793580853494053,industrials
JCI,-14.133534049987794,9.663505001418931,23.797039051406728,industrials
FFIV,3.5998232364654545,-20.231379665190733,23.831202901656187,technology
POOL,10.844495296478271,-13.143738166596064,23.988233463074337,industrials
TECH,0.9540243148803712,24.952197396186456,23.998173081306085,healthcare
APTV,-0.7731991291046141,23.252271599939615,24.02547072904423,consumer-cyclical
DG,9.899695777893069,-14.160007238098046,24.05970301599111,consumer-defensive
FIS,13.861727905273437,-10.251931561828703,24.113659467102146,technology
TXN,12.003874588012696,-12.376331255108282,24.380205843120976,technology
MPC,-3.0961787104606633,21.351643083749153,24.447821794209815,energy
PAYX,7.750327301025392,-16.71648504053428,24.46681234155967,technology
GPN,19.63293800354004,-4.919623725654108,24.55256172919415,industrials
BIIB,-3.8312299728393553,20.75929884341365,24.59052881625301,healthcare
CARR,14.655310249328611,-10.007910328680271,24.66322057800889,industrials
BALL,12.112497329711914,-12.695686408281375,24.80818373799329,consumer-cyclical
TAP,14.318585395812988,-10.837126659988035,25.155712055801025,consumer-defensive
VRSK,8.12267725467682,-17.157079435080558,25.279756689757377,industrials
AMP,16.362492752075198,-9.16441409863708,25.52690685071228,financial-services
UAL,-18.648582267761235,6.887926037020513,25.536508304781748,industrials
APD,10.406921768188475,-15.375399492818037,25.782321261006512,basic-materials
NVDA,-13.881843566894531,12.021584844180992,25.903428411075524,technology
CFG,-15.851126098632816,10.055742311436624,25.906868410069436,financial-services
MS,-9.219726276397704,17.086592016579644,26.30631829297735,financial-services
BKR,-13.609268379211429,12.738708420220457,26.347976799431883,energy
NKE,13.682294273376469,-12.67563502984068,26.357929303217148,consumer-cyclical
CLX,17.42078895568848,-8.95123567290664,26.37202462859512,consumer-defensive
GE,-12.689570426940918,13.714993238547567,26.404563665488485,industrials
BEN,18.625512886047364,-7.788045286426323,26.413558172473685,financial-services
OKE,15.359528732299806,-11.234768123727992,26.594296856027796,energy
ROK,-15.43122787475586,11.180500558278016,26.611728433033875,industrials
AWK,16.19026036262512,-10.56308739280742,26.753347755432543,utilities
EXPD,-23.51436805725098,3.2438399601542316,26.758208017405213,industrials
MO,17.12905502319336,-9.848689511228384,26.977744534421745,consumer-defensive
IQV,-6.6817467212677,20.961168150494043,27.642914871761743,healthcare
ICE,5.681690919399262,-21.97700032154009,27.658691240939348,financial-services
MNST,-17.74515037536621,9.917767548784049,27.66291792415026,consumer-defensive
ADP,14.095166015625,-13.785621951178834,27.880787966803837,technology
RSG,16.53892116546631,-11.38047057150472,27.91939173697103,industrials
CAH,-3.5574033737182615,24.759201716130917,28.31660508984918,healthcare
WM,14.429494285583496,-14.02099018067762,28.450484466261116,industrials
IP,9.693406867980958,-18.779657059392456,28.473063927373413,consumer-cyclical
TMUS,15.373734474182127,-13.23000862793626,28.603743102118383,communication-services
IBM,-4.923004055023193,23.716198063359485,28.639202118382677,technology
MTD,-14.147330856323244,14.497646147663874,28.644977003987115,healthcare
WAT,-3.01902289390564,25.755397878962455,28.774420772868098,healthcare
AXP,-6.07659215927124,22.70349819750316,28.7800903567744,financial-services
UNH,11.534815025329593,40.481001641378676,28.946186616049083,healthcare
ERIE,12.766887760162357,-16.648618785106663,29.415506545269015,financial-services
KHC,20.432640838623048,-9.247225335436154,29.6798661740592,consumer-defensive
CAG,20.927400207519533,-8.8660278145094,29.793428022028937,consumer-defensive
ROP,13.070764541625977,-16.73512833872392,29.805892880349894,technology
CRL,-9.738406372070312,20.222999593927536,29.961405965997848,healthcare
TYL,9.492437171936036,-20.648460016272924,30.14089718820896,technology
SW,15.318204116821288,-14.86852165187344,30.18672576869473,consumer-cyclical
DAY,-0.0772257328033449,30.18939177468895,30.266617507492295,technology
MMC,18.368070602416992,-11.981643703076523,30.349714305493514,financial-services
CVS,-6.522190046310425,23.920857325740933,30.443047372051357,healthcare
GS,-20.184193420410157,10.26143640398553,30.445629824395688,financial-services
CHTR,20.94579238891602,-9.63753093710946,30.58332332602548,communication-services
KKR,14.003705596923828,-16.672316851020284,30.676022447944113,financial-services
JNJ,-19.772589111328127,10.917231074786832,30.689820186114957,healthcare
LII,16.189742279052737,-14.750263458646367,30.940005737699103,industrials
PANW,-0.0204157352447509,31.01725014664233,31.03766588188708,technology
FOX,-11.60915470123291,19.660681013707208,31.26983571494012,communication-services
FOXA,-10.725154495239256,20.564100451812767,31.289254947052022,communication-services
WY,21.484219360351563,-9.810788967419132,31.295008327770695,real-estate
C,-20.384309005737308,10.961306184408889,31.3456151901462,financial-services
QCOM,-6.739073944091797,24.69464675346396,31.433720697555756,technology
MPWR,-5.281813621520996,26.171320121932993,31.45313374345399,technology
CSGP,3.9247556686401377,-27.82672519230332,31.75148086094346,real-estate
CMCSA,20.627068710327148,-11.16039145677226,31.787460167099407,communication-services
ANET,-18.699557876586915,13.21798091862556,31.917538795212476,technology
CCI,17.931537246704103,-14.097804427611374,32.029341674315475,real-estate
TKO,-14.811822891235352,17.649588950012827,32.46141184124818,communication-services
PM,19.145746612548827,-13.369681731857003,32.515428344405834,consumer-defensive
CNC,7.491301345825196,40.02374747187586,32.53244612605066,healthcare
INCY,-13.01293601989746,19.539650901527143,32.552586921424606,healthcare
A,-4.10700249671936,28.66633739441736,32.773339891136715,healthcare
AMT,18.841435623168948,-14.024223938061494,32.865659561230444,real-estate
PGR,16.955925369262697,-15.990534727416032,32.946460096678734,financial-services
TMO,-8.197141456604005,24.884406816001228,33.08154827260523,healthcare
PAYC,13.728905487060548,-19.70587291514818,33.43477840220873,technology
IVZ,-17.127685737609866,16.35174154565759,33.479427283267455,financial-services
CTAS,16.032692909240723,-17.796179160889892,33.828872070130615,industrials
PLTR,-23.841510009765624,10.027444883904648,33.86895489367027,technology
EA,-10.885658645629883,23.060481773509796,33.94614041913968,communication-services
EXPE,-16.75467185974121,17.485994374363255,34.24066623410447,consumer-cyclical
HII,-13.11539993286133,21.451310769818654,34.566710702679984,industrials
NEM,-17.094733238220215,17.61877857516025,34.713511813380464,basic-materials
EFX,22.43039951324463,-12.562244490112818,34.99264400335745,industrials
CRWD,-7.3328886270523075,27.76706112132353,35.099949748375835,technology
AMCR,17.6306755065918,-18.049794460438495,35.68046996703029,consumer-cyclical
HCA,-13.062467575073244,23.34995983271414,36.41242740778738,healthcare
SNPS,9.921642684936524,-26.84216548906887,36.76380817400539,technology
HRL,13.431890869140624,-23.435450711974447,36.86734158111507,consumer-defensive
SBAC,23.181324005126953,-13.760499776546776,36.941823781673726,real-estate
BAC,-17.376534843444826,19.651158848654948,37.027693692099774,financial-services
UHS,-8.759056663513183,28.53465007395141,37.29370673746459,healthcare
LYB,32.73727874755859,-5.266231748700155,38.00351049625875,basic-materials
DECK,18.36075096130371,-20.011776927854186,38.372527889157894,consumer-cyclical
CPAY,24.416751098632815,-14.499176977498973,38.91592807613179,technology
PSKY,-7.510327529907226,31.440060715825112,38.95038824573234,
HOOD,-7.946100807189943,31.960796861872296,39.90689766906224,
ARE,19.293590927124026,-20.67489951320806,39.96849044033209,real-estate
AAPL,-17.141912078857423,23.018155468596987,40.16006754745441,technology
AVGO,-18.40486755371094,21.89337119208887,40.29823874579981,technology
AMAT,-13.187353515625002,27.63750860061919,40.82486211624419,technology
APH,-13.112990951538087,28.54267450759696,41.65566545913505,technology
GM,-10.99483451843262,30.819027037022057,41.81386155545468,consumer-cyclical
KLAC,-9.875069618225098,32.81698072550519,42.69205034373029,technology
ALB,-3.3461608886718746,40.96913410404004,44.31529499271191,basic-materials
TEL,-20.436162185668948,23.993936662016,44.430098847684945,technology
STLD,-16.936166191101076,28.91501914240399,45.85118533350507,basic-materials
DXCM,23.65397605895996,-23.795811442513763,47.44978750147372,healthcare
CMG,21.89168357849121,-25.76715494614521,47.65883852463642,consumer-cyclical
LULU,37.66996612548829,-10.77744384707331,48.447409972561594,consumer-cyclical
LLY,-14.339030647277834,34.93668604974135,49.27571669701918,healthcare
VLO,-22.04030647277832,27.882949122714543,49.92325559549286,energy
BAX,28.988425445556643,-20.98731917981702,49.975744625373665,healthcare
CAT,-12.748604393005373,38.78944145038631,51.538045843391686,industrials
STZ,29.11931838989258,-23.558973563137368,52.67829195302995,consumer-defensive
CHRW,-23.081405258178712,31.3363319436065,54.417737201785215,industrials
GLW,-16.85948867797852,38.115081094847575,54.974569772826094,technology
KVUE,22.365739822387695,-33.32816673616426,55.69390655855196,consumer-defensive
FDS,25.175284957885744,-30.798025822680085,55.973310780565825,financial-services
TSLA,-15.422312545776368,41.67003230922157,57.09234485499793,consumer-cyclical
TTD,15.278125000000005,-43.07709981092784,58.35522481092784,communication-services
FSLR,-15.4265531539917,43.82542762015024,59.251980774141934,technology
AMD,-14.310485458374025,48.56148734609112,62.871972804465145,technology
APP,-18.548093605041505,45.728728775458265,64.27682238049977,
GOOG,-27.766916275024418,42.98048925650341,70.74740553152782,communication-services
GOOGL,-28.061997985839845,43.21264854915738,71.27464653499723,communication-services
STX,-3.098697853088378,73.31975661121048,76.41845446429886,technology
FI,29.999310684204104,-49.74377997354607,79.74309065775017,technology
LRCX,-29.163769149780272,59.12348767484055,88.28725682462081,technology
TER,-22.53513450622559,70.90256027661603,93.43769478284162,technology
WBD,-7.260235595703126,89.29174884334822,96.55198443905134,communication-services
WDC,-12.360414123535158,102.02157782109052,114.3819919446257,technology
INTC,-13.38111457824707,102.27617983065214,115.6572944088992,technology
MU,-27.14058647155762,100.15208292047248,127.29266939203008,technology
