Ticker,Pred_LSTM,Pred_GRU,Pred_TFT,Pred_Average,Rentabilidad,Dif_LSTM,Dif_GRU,Dif_TFT,Dif_Average
GOOGL,-7.7483978271484375,-0.6363636255264282,-0.07058403640985489,-3.254865470528603,43.21264854915738,-50.961046376305816,-43.84901217468381,-43.283232585567234,-46.46751401968598
SRE,-14.519525527954102,-2.691558837890625,-7.843627452850342,-9.483572959899902,12.124729173051774,-26.644254701005877,-14.816288010942399,-19.968356625902118,-21.60830213295168
STT,0.33175286650657654,7.509247303009033,-2.516859292984009,0.6278068900108338,6.085940190345751,-5.754187323839174,1.4233071126632826,-8.60279948332976,-5.458133300334917
PGR,1.8653295040130615,2.6490180492401123,1.8381775617599487,2.0112064361572264,-15.990534727416032,17.855864231429095,18.639552776656146,17.828712289175982,18.001741163573257
LEN,-4.066620826721191,-0.27023470401763916,-10.072277069091797,-5.709606099128724,4.005586617250031,-8.072207443971223,-4.27582132126767,-14.077863686341828,-9.715192716378755
TDY,1.5730235576629639,-9.184703826904297,-1.8256882429122925,-1.9380066394805908,-4.237179821442242,5.8102033791052055,-4.947524005462055,2.411491578529949,2.2991731819616508
VRSN,10.460714340209961,11.51718521118164,6.722207069396973,9.176605606079102,-12.226037515603576,22.686751855813537,23.743222726785216,18.94824458500055,21.40264312168268
IVZ,-9.739347457885742,4.06229305267334,-5.368596076965332,-5.230718803405762,16.35174154565759,-26.09108900354333,-12.28944849298425,-21.72033762262292,-21.58246034906335
MTCH,-8.526790618896484,-0.22010493278503418,-8.230486869812012,-6.746931982040406,-10.542650889831725,2.0158602709352405,10.32254595704669,2.312164020019713,3.7957189077913185
SYK,12.978473663330078,17.451839447021484,11.777709007263184,13.392840957641603,-5.13301872654793,18.11149238987801,22.584858173569415,16.910727733811115,18.525859684189534
SW,10.494956970214844,11.778553009033203,10.88908863067627,10.909328842163085,-14.86852165187344,25.363478622088284,26.647074660906643,25.75761028254971,25.777850494036525
NXPI,-3.1036086082458496,8.357856750488281,0.08671604841947556,0.46481432616710666,2.0270760706844597,-5.13068467893031,6.330780679803821,-1.9403600222649842,-1.562261744517353
RTX,-8.451327323913574,-1.767343282699585,-5.120993614196777,-5.782397031784058,15.104101326294556,-23.55542865020813,-16.87144460899414,-20.22509494049133,-20.88649835807861
EXC,-11.167192459106445,-3.7187857627868652,-8.511160850524902,-8.615098476409912,2.175417536750578,-13.342609995857023,-5.894203299537443,-10.68657838727548,-10.79051601316049
CARR,21.031814575195312,15.608470916748047,15.430685043334961,17.706694030761717,-10.007910328680271,31.039724903875584,25.616381245428318,25.438595372015232,27.71460435944199
ADBE,15.491085052490234,17.157005310058594,13.286636352539062,14.942489624023438,0.6030711003568879,14.888013952133347,16.553934209701705,12.683565252182175,14.33941852366655
CCL,6.4206461906433105,12.025007247924805,1.3194290399551392,5.501031541824341,-0.6204767451072826,7.041122935750593,12.645483993032087,1.9399057850624217,6.121508286931624
LYV,-1.7377257347106934,2.163243293762207,-0.3984643518924713,-0.42182737588882446,0.849797309319943,-2.5875230440306365,1.313445984442264,-1.2482616612124144,-1.2716246852087676
IT,10.00063705444336,15.807371139526367,16.670501708984375,13.829929733276368,8.119636770539024,1.881000283904335,7.687734368987343,8.55086493844535,5.710292962737343
DLR,12.588748931884766,9.743194580078125,5.423130989074707,9.153390884399414,0.22587637367593,12.362872558208835,9.517318206402194,5.197254615398777,8.927514510723483
POOL,-4.461841106414795,-1.4327926635742188,-0.9878496527671814,-2.4664348363876343,-13.143738166596064,8.681897060181269,11.710945503021845,12.155888513828883,10.67730333020843
IBM,16.170839309692383,10.891080856323242,13.838162422180176,14.181816864013673,23.716198063359485,-7.545358753667102,-12.825117207036243,-9.87803564117931,-9.534381199345813
FTV,14.140779495239258,15.095521926879883,15.85600471496582,15.01781806945801,6.219189375255007,7.921590119984251,8.876332551624877,9.636815339710814,8.798628694203003
VTR,-11.843694686889648,-4.196525573730469,-9.687576293945312,-9.451813507080079,8.143522974481545,-19.987217661371194,-12.340048548212014,-17.831099268426858,-17.595336481561624
NVDA,-7.7799201011657715,-2.94874906539917,-11.290212631225586,-8.217802906036377,12.021584844180992,-19.801504945346764,-14.970333909580162,-23.31179747540658,-20.239387750217368
EQR,13.228721618652344,17.584585189819336,14.256550788879395,14.511026000976564,-5.9650017455977595,19.193723364250104,23.549586935417096,20.221552534477155,20.476027746574324
STLD,16.695396423339844,13.055658340454102,15.848347663879395,15.628629302978517,28.91501914240399,-12.219622719064148,-15.85936080194989,-13.066671478524597,-13.286389839425475
NUE,-3.2960352897644043,2.6103813648223877,-1.743512511253357,-1.493742847442627,9.33953040720584,-12.635565696970245,-6.729149042383453,-11.083042918459197,-10.833273254648468
AEE,-9.694658279418945,-0.08621793985366821,-7.813446998596191,-7.020485699176788,0.4198540153440316,-10.114512294762976,-0.5060719551976998,-8.233301013940222,-7.44033971452082
PNC,7.245108604431152,9.988950729370117,4.895969390869141,6.8542213439941415,-1.5468705844168562,8.791979188848009,11.535821313786974,6.442839975285997,8.401091928410997
MMM,6.963962078094482,1.1971354484558105,0.3265570104122162,3.155634725093842,10.234156094903812,-3.270194016809329,-9.037020646448001,-9.907599084491595,-7.07852136980997
CPT,17.017683029174805,16.748441696166992,18.38724708557129,17.511660385131837,-6.076388838866253,23.094071868041055,22.824830535033243,24.46363592443754,23.58804922399809
PEG,-4.164761543273926,6.18166971206665,-2.3099443912506104,-1.3535484313964843,-7.170554970832005,3.0057934275580793,13.352224682898655,4.860610579581395,5.817006539435521
SLB,12.203996658325195,20.783443450927734,12.74487018585205,14.136235427856445,10.852583001532812,1.3514136567923831,9.930860449394922,1.8922871843192386,3.2836524263236324
WY,8.746898651123047,8.269869804382324,4.0120720863342285,6.7575622558593755,-9.810788967419132,18.55768761854218,18.080658771801456,13.82286105375336,16.56835122327851
COST,-3.168576240539551,-7.332988262176514,-5.515696048736572,-4.940306568145752,-6.620338676116108,3.4517624355765575,-0.7126495860604054,1.104642627379536,1.680032107970356
LULU,-7.338406085968018,12.685386657714844,1.8175207376480103,0.32872319221496615,-10.77744384707331,3.4390377611052916,23.46283050478815,12.59496458472132,11.106167039288275
UNH,11.169447898864746,18.25184440612793,17.223852157592773,15.007688903808592,40.481001641378676,-29.31155374251393,-22.229157235250746,-23.257149483785902,-25.473312737570083
SCHW,2.880176544189453,8.40986442565918,9.4735107421875,6.6234477996826175,-1.2536533938413756,4.1338299380308285,9.663517819500555,10.727164136028875,7.877101193523993
APA,-9.00697135925293,-0.5267829895019531,-6.641007423400879,-6.364548110961914,17.695699656768205,-26.702671016021135,-18.22248264627016,-24.336707080169084,-24.060247767730118
CI,11.602086067199707,12.993904113769531,15.110206604003906,13.283697891235352,-9.356298107759129,20.958384174958837,22.35020222152866,24.466504711763037,22.63999599899448
INTU,6.263471603393555,5.987395286560059,8.755204200744629,7.204949378967285,-12.189961120646425,18.453432724039978,18.17735640720648,20.945165321391052,19.394910499613708
BXP,9.303627967834473,9.507265090942383,19.24968719482422,13.322779083251953,9.388612373072323,-0.08498440523785078,0.11865271787005938,9.861074821751895,3.93416671017963
SYF,-2.7227096557617188,4.511569499969482,-0.5028798580169678,-0.387921905517578,8.663258684525136,-11.385968340286855,-4.151689184555654,-9.166138542542104,-9.051180590042714
NKE,-6.456973552703857,1.2383322715759277,-4.750259876251221,-4.2352269172668455,-12.67563502984068,6.218661477136823,13.913967301416609,7.92537515358946,8.440408112573834
MPWR,-7.79739236831665,2.4875259399414062,-5.010655403137207,-4.625713920593262,26.171320121932993,-33.968712490249644,-23.683794181991587,-31.1819755250702,-30.797034042526256
CSX,-4.3855133056640625,1.2104928493499756,-3.0778820514678955,-2.7432595729827884,2.592756574869388,-6.978269880533451,-1.3822637255194126,-5.670638626337284,-5.336016147852177
FITB,8.16712474822998,13.560733795166016,6.985136032104492,8.773051071166993,1.991637204623936,6.175487543606044,11.56909659054208,4.993498827480556,6.781413866543057
UDR,12.076864242553711,17.305482864379883,15.747395515441895,14.59080047607422,-12.105110835587691,24.181975078141402,29.410593699967574,27.852506351029586,26.69591131166191
BBY,5.796762943267822,2.1319942474365234,6.249577045440674,5.244934844970704,23.16899975998285,-17.372236816715027,-21.037005512546326,-16.919422714542176,-17.924064915012146
CRL,1.0009466409683228,5.578695774078369,4.698334693908691,3.39545168876648,20.222999593927536,-19.222052952959213,-14.644303819849167,-15.524664900018845,-16.827547905161055
UHS,5.413245677947998,-3.002373218536377,4.211976051330566,3.2496140480041507,28.53465007395141,-23.121404396003413,-31.53702329248779,-24.322674022620845,-25.28503602594726
MTB,13.792022705078125,6.439965724945068,3.6123900413513184,8.249758243560791,0.8206731968336233,12.971349508244503,5.619292528111445,2.791716844517695,7.429085046727168
TRV,-0.7350619435310364,-0.3789325952529907,-3.3363542556762695,-1.7043529987335206,1.6372317516035726,-2.372293695134609,-2.0161643468565633,-4.973586007279842,-3.341584750337093
BMY,6.492686748504639,9.167325973510742,-0.8031367659568787,4.1092851877212535,2.961182604271334,3.531504144233305,6.206143369239408,-3.7643193702282125,1.1481025834499197
TECH,-0.47042518854141235,7.947788715362549,4.876646995544434,3.3520464658737184,24.952197396186456,-25.42262258472787,-17.004408680823907,-20.075550400642022,-21.600150930312736
NRG,5.116900444030762,5.584640026092529,6.605070114135742,5.805716228485108,12.165513145244509,-7.048612701213747,-6.580873119151979,-5.5604430311087665,-6.359796916759401
BAX,3.1734375953674316,11.595630645751953,4.644374370574951,5.446250915527344,-20.98731917981702,24.160756775184453,32.582949825568974,25.631693550391972,26.433570095344365
WRB,2.1296215057373047,0.4476918578147888,-0.18255093693733215,0.8683665990829468,1.8793140999820337,0.250307405755271,-1.4316222421672449,-2.061865036919366,-1.010947500899087
DASH,-9.710543632507324,-4.3130927085876465,-12.687348365783691,-9.821775341033938,-6.1330660600463975,-3.5774775724609267,1.819973351458751,-6.554282305737294,-3.68870928098754
PCAR,-4.067378520965576,9.08248519897461,-2.7453951835632324,-0.9086124420166015,2.018864514281684,-6.086243035247261,7.063620684692925,-4.764259697844917,-2.9274769562982854
ATO,-11.43779182434082,0.12679466605186462,-9.321415901184082,-8.278324156999588,6.079634177539495,-17.517426001880317,-5.95283951148763,-15.401050078723577,-14.357958334539083
MAA,9.825901985168457,17.443077087402344,7.745863914489746,10.517321777343751,-8.759051019024417,18.584953004192876,26.202128106426763,16.504914933514165,19.276372796368168
ACGL,-0.8716970682144165,3.2709836959838867,1.2074400186538696,0.7884939193725586,-2.869686061492954,1.9979889932785375,6.140669757476841,4.077126080146824,3.658179980865513
GM,-3.4355955123901367,7.6122283935546875,-1.5995843410491943,-0.49162626266479514,30.819027037022057,-34.25462254941219,-23.20679864346737,-32.41861137807125,-31.31065329968685
CAT,-4.938630104064941,0.20525804162025452,-4.512218475341797,-3.7392878234386444,38.78944145038631,-43.728071554451255,-38.58418340876606,-43.30165992572811,-42.52872927382496
TMO,-9.266643524169922,-0.959121823310852,-5.147703170776367,-5.957563042640686,24.884406816001228,-34.15105034017115,-25.84352863931208,-30.032109986777595,-30.841969858641914
JBHT,20.728565216064453,11.098884582519531,1.1902152299880981,10.987289094924927,20.70912956401574,0.019435652048713337,-9.610244981496209,-19.51891433402764,-9.721840469090813
UBER,9.367242813110352,4.542236804962158,-1.3436771631240845,4.117873620986939,4.132946915648204,5.234295897462148,0.40928988931395427,-5.476624078772288,-0.01507329466126528
JCI,2.6802239418029785,2.0105605125427246,1.2430009841918945,1.9714020729064945,9.663505001418931,-6.983281059615953,-7.652944488876207,-8.420504017227037,-7.692102928512437
APH,-11.88459587097168,-1.384171724319458,-1.2482109069824219,-5.529957056045531,28.54267450759696,-40.427270378568636,-29.926846231916418,-29.79088541457938,-34.07263156364249
DOW,2.1653006076812744,15.079986572265625,4.9249396324157715,5.8520934104919435,11.96044758145026,-9.795146973768986,3.1195389908153643,-7.035507949034489,-6.108354170958317
TTD,-6.806717395782471,1.1919629573822021,-1.921737790107727,-3.252989482879639,-43.07709981092784,36.27038241514537,44.26906276831004,41.155362020820114,39.8241103280482
BKNG,20.921117782592773,13.083442687988281,10.157185554504395,15.048009872436525,-6.362510254757392,27.283628037350166,19.445952942745674,16.519695809261787,21.41052012719392
STZ,-10.040376663208008,-5.883945465087891,-6.516936302185059,-7.799714279174805,-23.558973563137368,13.51859689992936,17.675028098049477,17.04203726095231,15.759259283962564
AVY,8.045127868652344,15.82148551940918,13.621628761291504,11.830999755859375,3.450824580872468,4.594303287779876,12.370660938536712,10.170804180419037,8.380175174986908
IP,6.295187473297119,7.950857639312744,1.7224453687667847,4.797224664688111,-18.779657059392456,25.074844532689575,26.7305146987052,20.50210242815924,23.576881724080565
CPRT,-0.6084303855895996,2.5632221698760986,4.497715950012207,2.0683586597442627,-6.723058442385746,6.114628056796146,9.286280612261844,11.220774392397953,8.791417102130008
DE,7.02656888961792,7.424181938171387,6.5966644287109375,6.93412971496582,-8.56581162142707,15.59238051104499,15.989993559598457,15.162476050138007,15.49994133639289
HSIC,9.721475601196289,15.431821823120117,13.838143348693848,12.510211944580078,-4.0971179065590215,13.81859350775531,19.528939729679138,17.93526125525287,16.6073298511391
CHRW,-13.175537109375,0.384128600358963,-7.514819622039795,-8.199316972494126,31.3363319436065,-44.511869052981496,-30.952203343247536,-38.85115156564629,-39.53564891610063
HD,-3.6959805488586426,-1.110065221786499,-3.2817375659942627,-3.0131002902984623,-1.1462544328953843,-2.5497261159632583,0.03618921110888529,-2.1354831330988784,-1.866845857403078
ROK,1.7486255168914795,4.8209357261657715,7.500382423400879,4.663790321350098,11.180500558278016,-9.431875041386537,-6.359564832112245,-3.6801181348771372,-6.516710236927918
MRNA,10.756878852844238,6.228684902191162,8.075955390930176,8.778870677948,2.0668892312862073,8.68998962155803,4.161795670904954,6.009066159643968,6.711981446661792
DHR,4.59457540512085,7.539727687835693,-1.4403316974639893,2.769643020629883,8.700938083761017,-4.106362678640167,-1.1612103959253233,-10.141269781225006,-5.931295063131134
AMD,-5.717458248138428,-5.011248588562012,-10.127388000488281,-7.340188217163087,48.56148734609112,-54.27894559422955,-53.57273593465313,-58.6888753465794,-55.90167556325421
PRU,12.362834930419922,10.719249725341797,12.078081130981445,11.920216369628907,4.622280347894414,7.740554582525508,6.096969377447383,7.455800783087032,7.297936021734493
EMN,10.4202880859375,18.389877319335938,20.469411849975586,16.033855438232422,-1.640628718346675,12.060916804284176,20.030506037682613,22.110040568322262,17.674484156579098
HBAN,14.623726844787598,10.89571762084961,11.579596519470215,12.660472869873047,-1.8365761595370813,16.46030300432468,12.73229378038669,13.416172679007296,14.497049029410128
DGX,1.6983495950698853,3.9594664573669434,-1.206055998802185,0.9888107299804687,1.4123517167455202,0.2859978783243651,2.5471147406214234,-2.618407715547705,-0.4235409867650515
PSA,10.369592666625977,12.739217758178711,11.186169624328613,11.17014846801758,-0.8600484911598615,11.229641157785839,13.599266249338573,12.046218115488475,12.030196959177442
SBAC,21.132810592651367,14.515193939208984,12.302234649658203,16.277056884765628,-13.760499776546776,34.89331036919815,28.27569371575576,26.06273442620498,30.037556661312404
KO,4.949867248535156,2.329395055770874,4.280825138092041,4.158155965805054,-1.4221151225343824,6.371982371069539,3.7515101783052565,5.7029402606264235,5.580271088339437
NCLH,4.4700517654418945,7.444440841674805,0.39129215478897095,3.4334257364273073,-8.377602348120053,12.847654113561948,15.822043189794858,8.768894502909024,11.81102808454736
GD,-0.04445593059062958,1.1401546001434326,-1.2235116958618164,-0.2791561305522919,10.77156785958374,-10.81602379017437,-9.631413259440308,-11.995079555445557,-11.050723990136031
MMC,6.9048261642456055,9.155818939208984,7.995707035064697,7.791377067565918,-11.981643703076523,18.886469867322127,21.137462642285506,19.97735073814122,19.77302077064244
WDC,-5.508005142211914,-1.9435076713562012,0.9732852578163147,-2.2025894880294805,102.02157782109052,-107.52958296330243,-103.96508549244672,-101.0482925632742,-104.22416730911999
SPGI,-8.445025444030762,-0.44290995597839355,-2.1293725967407227,-4.3183412075042735,-12.710948080585291,4.26592263655453,12.268038124606898,10.581575483844569,8.392606873081018
APO,3.2126989364624023,11.870216369628906,7.784122467041016,6.772771835327148,-11.58210231031232,14.794801246774723,23.45231867994123,19.366224777353338,18.35487414563947
AAPL,-0.6198908686637878,0.5824025869369507,-6.9121012687683105,-2.8963163375854495,23.018155468596987,-23.638046337260775,-22.435752881660036,-29.930256737365298,-25.914471806182437
NWS,-2.1331591606140137,-1.9322211742401123,1.5223666429519653,-0.6307612419128419,-8.872429255871078,6.739270095257064,6.940208081630965,10.394795898823043,8.241668013958236
WYNN,-0.7786356210708618,16.232866287231445,-1.905701994895935,2.1728382110595703,11.221125218903245,-11.999760839974106,5.011741068328201,-13.12682721379918,-9.048287007843674
KEY,-1.5993740558624268,-2.1252543926239014,5.098882675170898,0.9747525691986083,2.115167185405352,-3.7145412412677787,-4.240421578029253,2.9837154897655465,-1.1404146162067437
WAT,13.751712799072266,14.427999496459961,10.531136512756348,12.598739624023438,25.755397878962455,-12.00368507989019,-11.327398382502494,-15.224261366206107,-13.156658254939018
LOW,-4.8055033683776855,2.05812406539917,-3.6254024505615234,-2.96073751449585,0.3105328165156768,-5.116036184893362,1.747591248883493,-3.9359352670772,-3.2712703310115265
ROL,-1.0965243577957153,4.37706184387207,-3.4402077198028564,-0.9392804622650148,-1.2603623681561034,0.16383801036038803,5.637424212028174,-2.179845351646753,0.32108190589108854
TRMB,-1.326703429222107,-1.783182144165039,0.22487086057662964,-0.7973694562911987,-3.3567580656211167,2.0300546363990097,1.5735759214560776,3.5816289261977463,2.559388609329918
ADSK,7.6568603515625,4.171968936920166,7.2448296546936035,6.795069789886474,2.8499287968288964,4.806931554733604,1.3220401400912696,4.394900857864707,3.945140993057578
PPG,15.685376167297363,14.012794494628906,11.874691009521484,13.826585769653322,-7.271711661166928,22.957087828464292,21.284506155795835,19.146402670688413,21.09829743082025
MSI,-5.000085353851318,-2.5301308631896973,-7.541274547576904,-5.5225701332092285,-8.417799188759455,3.4177138349081364,5.8876683255697575,0.8765246411825505,2.8952290555502262
CNP,-15.006763458251953,-3.2945480346679688,-9.750445365905762,-10.56179313659668,-1.055381677652558,-13.951381780599394,-2.239166357015411,-8.695063688253203,-9.506411458944122
LHX,-14.206659317016602,-7.811837673187256,-0.7607250809669495,-7.549321293830872,6.050343197168716,-20.257002514185316,-13.86218087035597,-6.811068278135665,-13.599664490999587
PFE,1.8095226287841797,3.5430073738098145,0.5285093188285828,1.643814253807068,1.7333887091571156,0.07613391962706406,1.8096186646526988,-1.2048793903285329,-0.08957445535004771
IQV,-10.685606002807617,-5.8750081062316895,-4.197751045227051,-7.128344440460205,20.961168150494043,-31.64677415330166,-26.836176256725732,-25.158919195721094,-28.08951259095425
PTC,-5.9533467292785645,2.9223756790161133,1.9263914823532104,-1.026306962966919,-3.6914871868358414,-2.261859542442723,6.613862865851955,5.617878669189052,2.6651802238689224
UAL,1.506410002708435,-2.9697766304016113,-2.350370168685913,-0.9315393924713136,6.887926037020513,-5.381516034312078,-9.857702667422124,-9.238296205706426,-7.819465429491826
T,-3.5908517837524414,-0.9845895767211914,-5.817688941955566,-3.9603342056274418,-10.846542070624974,7.255690286872532,9.861952493903782,5.028853128669407,6.886207864997532
PAYX,13.906984329223633,11.747880935668945,4.239378452301025,9.608121299743653,-16.71648504053428,30.623469369757913,28.464365976203226,20.955863492835306,26.32460634027793
AIG,14.912923812866211,11.208368301391602,5.527153968811035,10.41770477294922,3.686664338350434,11.226259474515777,7.521703963041167,1.8404896304606013,6.7310404345987855
FIS,8.54130744934082,17.79256248474121,9.79247760772705,10.892026519775392,-10.251931561828703,18.793239011169526,28.044494046569916,20.044409169555756,21.143958081604097
MS,-5.543449878692627,0.4634467661380768,-4.397451400756836,-3.88367115855217,17.086592016579644,-22.63004189527227,-16.623145250441567,-21.48404341733648,-20.970263175131812
CBRE,-12.9982328414917,-0.40800178050994873,-10.259888648986816,-9.384848952293396,-1.2503290534716958,-11.747903788020004,0.842327272961747,-9.009559595515121,-8.1345198988217
VICI,-2.784904956817627,1.7363591194152832,-2.42118239402771,-1.735163116455078,-7.877108130198004,5.092203173380377,9.613467249613286,5.455925736170294,6.141945013742927
OTIS,8.379169464111328,17.626447677612305,10.005743980407715,10.87925491333008,6.729862354717528,1.6493071093938,10.896585322894776,3.275881625690187,4.1493925586125515
VST,-3.593912124633789,5.653769016265869,1.6431913375854492,0.35046548843383796,-8.311340088685276,4.7174279640514865,13.965109104951145,9.954531426270725,8.661805577119113
WTW,-0.8565486669540405,-2.615882158279419,-3.8864552974700928,-2.420378017425537,-3.46124513702887,2.6046964700748294,0.845362978749451,-0.42521016044122284,1.040867119603333
TROW,-2.1118693351745605,-0.6317460536956787,-8.673752784729004,-4.440598058700561,-0.271257958504278,-1.8406113766702825,-0.36048809519140074,-8.402494826224727,-4.169340100196283
ELV,14.122993469238281,21.91496467590332,14.22028636932373,15.720304870605469,12.50558928398823,1.6174041852500505,9.40937539191509,1.7146970853354997,3.2147155866172383
KVUE,-1.3288637399673462,1.8105524778366089,-2.808852434158325,-1.292975974082947,-33.32816673616426,31.999302996196917,35.13871921400087,30.519314302005938,32.035190762081314
MPC,13.688346862792969,9.149690628051758,0.2506099045276642,7.405520832538605,21.351643083749153,-7.663296220956184,-12.201952455697395,-21.10103317922149,-13.946122251210546
KLAC,5.608470439910889,-0.9445610046386719,11.073502540588379,6.483876991271973,32.81698072550519,-27.2085102855943,-33.76154173014386,-21.74347818491681,-26.333103734233216
XYZ,-6.105477809906006,5.180677890777588,-2.3265082836151123,-2.3366588592529296,-1.1841197798088194,-4.921358030097187,6.364797670586407,-1.1423885038062929,-1.1525390794441102
GRMN,-1.6616753339767456,-3.51861572265625,-6.812211990356445,-4.093278074264527,-6.210107625668358,4.548432291691612,2.691491903012108,-0.6021043646880875,2.116829551403831
TPL,5.057953357696533,7.7568888664245605,16.285858154296875,10.088902378082276,8.93870604989178,-3.880752692195246,-1.1818171834672189,7.347152104405096,1.1501963281904963
HIG,-4.375551223754883,-6.573886871337891,-4.871555328369141,-5.013619995117188,-1.9967198010565783,-2.3788314226983047,-4.5771670702813125,-2.8748355273125625,-3.01690019406061
LDOS,-1.6885299682617188,-3.8588738441467285,-7.118891716003418,-4.294743442535401,8.909275003588098,-10.597804971849817,-12.768148847734826,-16.028166719591518,-13.204018446123499
BX,-0.17085698246955872,6.183187007904053,2.0832717418670654,2.0016033053398132,-12.52684328111297,12.355986298643412,18.710030289017023,14.610115022980036,14.528446586452784
SMCI,11.793977737426758,6.796363353729248,9.820263862609863,10.004969310760497,11.33490705608676,0.4590706813399983,-4.5385437023575115,-1.5146431934768962,-1.3299377453262622
AJG,8.929635047912598,12.781871795654297,9.541887283325195,9.944983291625977,-13.77932335557132,22.70895840348392,26.56119515122562,23.321210638896517,23.724306647197295
CL,12.297863006591797,19.869577407836914,12.46652603149414,13.879671096801758,-8.432787834145907,20.730650840737702,28.30236524198282,20.899313865640046,22.312458930947663
BRK-B,-0.937566876411438,-2.896439790725708,3.892547369003296,0.6027042388916016,3.4823514598369507,-4.419918336248388,-6.378791250562658,0.4101959091663452,-2.879647220945349
APD,0.7668322920799255,9.591449737548828,6.308887481689453,4.7485778570175174,-15.375399492818037,16.142231784897962,24.966849230366865,21.68428697450749,20.123977349835556
HPE,-0.940265417098999,6.117339611053467,0.2228221744298935,0.9364906251430513,20.33848059416965,-21.278746011268648,-14.221140983116182,-20.115658419739756,-19.401989969026598
CF,5.691643238067627,9.789712905883789,4.3854804039001465,5.988792037963868,1.0752486077254468,4.61639463034218,8.714464298158342,3.3102317961746994,4.913543430238421
AMCR,-5.113480567932129,5.102652072906494,-0.761081337928772,-1.3292943477630619,-18.049794460438495,12.936313892506366,23.15244653334499,17.288713122509723,16.72050011267543
COO,0.15485501289367676,9.467056274414062,-0.9179665446281433,1.588166642189026,1.0260213080619551,-0.8711662951682784,8.441034966352108,-1.9439878526900984,0.5621453341270708
EW,-3.4639172554016113,-0.10244706273078918,5.718954563140869,0.881525510549545,5.8000726618324,-9.26398991723401,-5.902519724563189,-0.08111809869153053,-4.918547151282855
SBUX,8.187335968017578,6.893626689910889,5.490913391113281,6.850025081634522,-10.565153208259352,18.75248917627693,17.458779898170242,16.056066599372635,17.415178289893873
ZBRA,7.435749530792236,3.3479037284851074,4.8488359451293945,5.583414936065674,-14.797002727953291,22.232752258745528,18.1449064564384,19.645838673082686,20.380417664018964
BR,-7.178722381591797,0.49244600534439087,2.2187485694885254,-1.8855003237724306,-16.96842840582355,9.789706024231752,17.46087441116794,19.187176975312074,15.082928082051119
AWK,-8.081859588623047,5.093367099761963,-1.2887626886367798,-2.729575490951538,-10.56308739280742,2.481227804184373,15.656454492569383,9.27432470417064,7.833511901855882
ROST,-7.72963285446167,-5.15153694152832,-6.4416422843933105,-6.6988174438476555,9.780078953260055,-17.509711807721725,-14.931615894788376,-16.221721237653366,-16.47889639710771
WMT,-4.052588939666748,-5.8752360343933105,-7.019473075866699,-5.603872013092041,-1.652137801129446,-2.400451138537302,-4.2230982332638645,-5.367335274737253,-3.951734211962595
MDT,-5.091845989227295,-5.360292434692383,-7.021254062652588,-5.91729850769043,-0.5918466990032057,-4.499999290224089,-4.768445735689177,-6.429407363649382,-5.325451808687224
RCL,10.002248764038086,13.903848648071289,2.8824117183685303,7.934633922576905,-7.12448656504244,17.126735329080525,21.028335213113728,10.006898283410969,15.059120487619346
AFL,6.577369213104248,7.361635684967041,0.9427488446235657,4.480374360084534,5.372315527865141,1.2050536852391067,1.9893201571018997,-4.429566683241576,-0.8919411677806073
NTRS,1.2612005472183228,10.765052795410156,4.646883010864258,4.516243982315064,3.8001039906920338,-2.538903443473711,6.964948804718123,0.8467790201722241,0.7161399916230304
BRO,15.290508270263672,18.856191635131836,13.386595726013184,15.242079925537109,-13.66725707663884,28.957765346902512,32.523448711770676,27.053852802652024,28.90933700217595
PPL,-6.751596927642822,-1.122910976409912,-3.6864817142486572,-4.399813652038574,1.1855521369617168,-7.937149064604539,-2.308463113371629,-4.872033851210374,-5.585365789000291
WST,-7.008809566497803,-2.2359566688537598,-5.420559883117676,-5.418939113616943,17.265326015322604,-24.274135581820406,-19.501282684176363,-22.68588589844028,-22.684265128939547
CBOE,-8.477448463439941,-7.050816535949707,-7.711801052093506,-7.885863113403321,-1.5470944330066383,-6.930354030433303,-5.503722102943069,-6.164706619086868,-6.338768680396683
GE,-0.04405546188354492,3.4597344398498535,7.699332237243652,3.754057598114014,13.714993238547567,-13.759048700431112,-10.255258798697714,-6.015661001303915,-9.960935640433554
MU,6.3985514640808105,2.878232955932617,9.006376266479492,6.737617683410645,100.15208292047248,-93.75353145639167,-97.27384996453986,-91.14570665399299,-93.41446523706183
EME,-5.000199794769287,-7.21480655670166,-7.352316379547119,-6.383967781066895,9.476887006438504,-14.477086801207792,-16.691693563140163,-16.829203385985622,-15.8608547875054
TFC,11.945152282714844,11.88128662109375,6.426906108856201,9.725080680847169,5.433506164751132,6.5116461179637115,6.447780456342618,0.9933999441050689,4.291574516096037
GIS,13.54942798614502,12.668312072753906,-4.245847702026367,6.255094528198242,-5.892282240001972,19.44171022614699,18.560594312755878,1.6464345379756047,12.147376768200214
INVH,11.723750114440918,17.216796875,16.26320457458496,14.638141250610351,-5.91568695024225,17.639437064683168,23.13248382524225,22.17889152482721,20.5538282008526
LVS,-0.6805697679519653,6.2242960929870605,-5.746935844421387,-1.3261430263519287,11.960008212285716,-12.640577980237682,-5.735712119298656,-17.7069440567071,-13.286151238637645
NOC,-12.059194564819336,-5.726063251495361,-6.608922004699707,-8.61245927810669,-0.278657623855396,-11.78053694096394,-5.447405627639966,-6.330264380844311,-8.333801654251294
OXY,-3.441605567932129,6.9191670417785645,5.8895368576049805,2.363005924224854,-4.977695521499322,1.5360899535671928,11.896862563277885,10.867232379104301,7.340701445724175
ERIE,-5.780256271362305,-0.4049358367919922,1.2835150957107544,-1.879683637619019,-16.648618785106663,10.868362513744358,16.24368294831467,17.932133880817418,14.768935147487644
BALL,9.54275131225586,16.697118759155273,7.351001262664795,10.096924781799316,-12.695686408281375,22.238437720537235,29.39280516743665,20.04668767094617,22.79261119008069
IFF,10.641995429992676,18.02157974243164,18.52643394470215,15.271687698364259,-1.3115822584530226,11.953577688445698,19.333162000884663,19.83801620315517,16.583269956817283
NDSN,2.898953437805176,3.367546319961548,6.56409215927124,4.458727502822876,9.781798107351204,-6.882844669546028,-6.414251787389656,-3.2177059480799635,-5.323070604528327
TXN,13.892817497253418,9.987157821655273,4.876204490661621,9.50504035949707,-12.376331255108282,26.2691487523617,22.363489076763557,17.252535745769904,21.88137161460535
PYPL,11.07181167602539,15.124313354492188,14.763581275939941,13.359019851684572,1.5391313450235369,9.532680331001854,13.585182009468651,13.224449930916405,11.819888506661036
RVTY,12.40145492553711,15.02631950378418,12.344470977783203,12.903634262084962,8.327253350966608,4.074201574570502,6.699066152817572,4.0172176268165956,4.576380911118354
RL,6.604323387145996,5.674328327178955,8.153427124023438,7.037965869903565,13.159618987697185,-6.555295600551188,-7.4852906605182294,-5.006191863673747,-6.1216531177936195
GEHC,11.348564147949219,12.45602035522461,11.15323543548584,11.491923904418945,5.462685602582588,5.885878545366631,6.9933347526420215,5.690549832903252,6.029238301836357
ULTA,-13.394432067871094,7.518287658691406,-5.3517231941223145,-5.994804573059081,2.7085744100555047,-16.1030064779266,4.8097132486359016,-8.06029760417782,-8.703378983114586
CMCSA,14.711166381835938,19.918460845947266,18.88619613647461,17.422637176513675,-11.16039145677226,25.871557838608197,31.078852302719525,30.04658759324687,28.583028633285934
AME,-1.4094380140304565,4.35119104385376,-1.5833520889282227,-0.3268778324127197,11.084506031137083,-12.49394404516754,-6.733314987283324,-12.667858120065306,-11.411383863549803
SOLV,8.918773651123047,7.684317111968994,7.051904201507568,7.925134563446045,-4.044469987689051,12.963243638812099,11.728787099658046,11.09637418919662,11.969604551135095
CCI,8.616792678833008,-3.009950637817383,5.46104621887207,5.029145431518556,-14.097804427611374,22.71459710644438,11.087853789793991,19.558850646483442,19.12694985912993
RF,-1.3462709188461304,5.523751735687256,-1.5317113399505615,-0.04644255638122574,-0.8261949905846491,-0.5200759282614813,6.349946726271905,-0.7055163493659125,0.7797524342034233
DOV,16.807893753051758,16.30035972595215,14.193909645080566,15.66079330444336,4.604891926912336,12.203001826139422,11.695467799039813,9.58901771816823,11.055901377531024
HWM,0.27195942401885986,8.165468215942383,2.2482781410217285,2.641188669204712,13.496081410925834,-13.224121986906974,-5.330613194983451,-11.247803269904106,-10.854892741721121
KEYS,6.298925876617432,10.719789505004883,6.546064376831055,7.281954002380372,13.463570055111434,-7.164644178494003,-2.7437805501065515,-6.91750567828038,-6.181616052731062
DD,4.2546000480651855,8.937664031982422,6.7806477546691895,6.201631927490235,15.806331046357466,-11.55173099829228,-6.868667014375044,-9.025683291688276,-9.60469911886723
VRSK,18.393369674682617,16.021820068359375,11.449755668640137,15.14161415100098,-17.157079435080558,35.55044910976318,33.178899503439936,28.606835103720694,32.29869358608154
LLY,11.3638277053833,13.347980499267578,14.983477592468262,13.20851821899414,34.93668604974135,-23.572858344358046,-21.58870555047377,-19.953208457273085,-21.728167830747207
PODD,0.29530078172683716,-0.30089104175567627,0.6333785653114319,0.3112935304641724,3.1164626430847697,-2.8211618613579326,-3.417353684840446,-2.483084077773338,-2.8051691126205975
GL,-6.043118000030518,-7.6830973625183105,-6.55715274810791,-6.576727771759034,-6.216989179191813,0.17387117916129569,-1.4661081833264973,-0.3401635689160969,-0.3597385925672203
AOS,-8.938286781311035,3.7981889247894287,-5.667916297912598,-5.082843446731568,-6.049142624011742,-2.8891441572992935,9.84733154880117,0.381226326099144,0.9662991772801739
LH,1.7781853675842285,4.279115676879883,-1.0611881017684937,1.1426220417022706,-2.055544877841921,3.8337302454261497,6.334660554721804,0.9943567760734275,3.1981669195441915
CSCO,1.3081649541854858,-0.5350466966629028,-2.674325942993164,-0.6534737348556519,5.2238391328285605,-3.9156741786430747,-5.758885829491463,-7.898165075821725,-5.877312867684212
TGT,-5.907211780548096,1.588453769683838,-8.267599105834961,-5.352233600616456,-11.303556434435368,5.396344653887272,12.892010204119206,3.035957328600407,5.951322833818912
XEL,-4.677501201629639,-3.6964364051818848,-6.845155715942383,-5.3483500480651855,11.710644495997087,-16.388145697626726,-15.407080901178972,-18.55580021193947,-17.058994544062273
HII,-4.632420539855957,3.630809783935547,-3.419495105743408,-2.494604301452637,21.451310769818654,-26.08373130967461,-17.820500985883108,-24.870805875562063,-23.94591507127129
EQT,11.548295974731445,11.233766555786133,8.897470474243164,10.42505989074707,4.566744878877038,6.981551095854408,6.667021676909095,4.330725595366126,5.858315011870032
CTSH,14.71678638458252,13.265230178833008,13.529815673828125,13.95168685913086,5.908825425940199,8.80796095864232,7.356404752892809,7.620990247887926,8.04286143319066
EXE,8.58503532409668,0.022589385509490967,4.866051197052002,5.384952485561371,4.892735725466929,3.6922995986297504,-4.870146339957438,-0.0266845284149273,0.4922167600944416
EQIX,6.436599254608154,9.950714111328125,0.98749840259552,4.959781885147095,9.2169254453569,-2.7803261907487453,0.7337886659712254,-8.22942704276138,-4.257143560209805
DG,-0.994322657585144,-2.0032618045806885,-6.818791389465332,-3.5258979797363286,-14.160007238098046,13.165684580512902,12.156745433517358,7.341215848632714,10.634109258361718
IR,18.642091751098633,15.982168197631836,15.410061836242676,16.81729507446289,0.0903388818547502,18.55175286924388,15.891829315777086,15.319722954387926,16.72695619260814
HAL,2.0026190280914307,12.690950393676758,7.13375186920166,6.192738437652588,29.514425711501968,-27.511806683410537,-16.82347531782521,-22.380673842300308,-23.321687273849378
CRM,10.46170425415039,12.938652038574219,14.407426834106445,12.53538284301758,8.29602630137822,2.165677952772171,4.642625737195999,6.111400532728226,4.23935654163936
TT,6.50925350189209,6.175931453704834,7.292019844055176,6.755695629119874,5.0368202086395275,1.4724332932525623,1.1391112450653065,2.2551996354156483,1.7188754204803462
CB,10.524062156677246,12.200325012207031,7.981868743896484,9.8424373626709,2.8331680784158193,7.690894078261427,9.367156933791211,5.148700665480665,7.009269284255081
GWW,11.345952033996582,14.6671142578125,9.327225685119629,11.202693939208984,4.119236995088655,7.226715038907927,10.547877262723844,5.207988690030974,7.0834569441203294
STX,24.585956573486328,12.295476913452148,16.16347312927246,18.758867263793945,73.31975661121048,-48.73380003772415,-61.02427969775833,-57.15628348193802,-54.560889347416534
HOLX,-10.941221237182617,-6.140750408172607,-5.927238464355469,-7.975533962249756,8.803184646059776,-19.744405883242393,-14.943935054232384,-14.730423110415245,-16.778718608309532
ES,-0.354692280292511,4.135667324066162,-3.2436511516571045,-0.6122039079666138,13.224575092902349,-13.57926737319486,-9.088907768836187,-16.468226244559453,-13.836779000868962
SWKS,9.360784530639648,9.518983840942383,8.404969215393066,9.010098266601563,14.435583143242358,-5.074798612602709,-4.916599302299975,-6.030613927849291,-5.425484876640795
FANG,-3.327721118927002,8.68911361694336,10.408638954162598,4.5701898574829105,2.1969273727806655,-5.5246484917076675,6.492186244162694,8.211711581381932,2.373262484702245
MCHP,1.7520813941955566,-1.6478694677352905,4.944767475128174,2.349165654182434,-5.085104808185579,6.837186202381136,3.4372353404502887,10.029872283313754,7.434270462368014
ZTS,9.228078842163086,13.366451263427734,8.054768562316895,9.58642921447754,-2.461072823853953,11.68915166601704,15.827524087281688,10.515841386170848,12.047502038331494
KHC,0.43018975853919983,-0.046768367290496826,-2.7350549697875977,-0.9312997579574585,-9.247225335436154,9.677415093975354,9.200456968145657,6.512170365648556,8.315925577478696
AVGO,-11.312223434448242,-4.302380084991455,-6.622948169708252,-8.03454465866089,21.89337119208887,-33.20559462653711,-26.195751277080326,-28.516319361797123,-29.927915850749763
IPG,-3.2615537643432617,8.19583797454834,-8.515145301818848,-3.071512031555176,4.629152264817278,-7.8907060291605395,3.566685709731062,-13.144297566636126,-7.700664296372453
CHD,16.600522994995117,19.676374435424805,18.419763565063477,17.9433895111084,-5.030489517885546,21.631012512880663,24.70686395331035,23.450253082949022,22.973879028993945
FFIV,-8.965250968933105,0.9990636706352234,-4.1534423828125,-5.047664606571198,-20.231379665190733,11.266128696257628,21.230443335825957,16.077937282378233,15.183715058619535
LII,-1.205069661140442,2.3184823989868164,-3.3861868381500244,-1.3728061199188235,-14.750263458646367,13.545193797505926,17.068745857633182,11.364076620496343,13.377457338727544
ETN,5.315232753753662,-2.3629910945892334,4.92668342590332,3.624168252944947,5.941801887741307,-0.6265691339876449,-8.30479298233054,-1.0151184618379867,-2.31763363479636
DAL,2.1720333099365234,-0.5855184197425842,0.7952300906181335,1.069801676273346,7.31935611053296,-5.147322800596436,-7.904874530275544,-6.524126019914826,-6.249554434259614
CMS,-5.090590953826904,2.13657283782959,-5.927386283874512,-3.9798763275146483,-0.5906395215982801,-4.499951432228624,2.72721235942787,-5.336746762276231,-3.3892368059163682
V,9.674690246582031,9.338483810424805,10.93005084991455,10.109593200683594,2.7852551241110612,6.88943512247097,6.5532286863137434,8.14479572580349,7.324338076572533
ADP,5.929510593414307,7.146129608154297,5.956694602966309,6.183708000183106,-13.785621951178834,19.71513254459314,20.93175155933313,19.74231655414514,19.969329951361942
GEV,-7.095419883728027,0.3987155556678772,1.35739266872406,-2.215467774868012,-9.363649401774223,2.268229518046196,9.7623649574421,10.721042070498283,7.1481816269062115
LKQ,8.267659187316895,14.451095581054688,10.561721801757812,10.42197151184082,8.454632662530875,-0.18697347521398022,5.996462918523813,2.1070891392269377,1.9673388493099448
ANET,-7.314826011657715,-1.389328122138977,-8.267619132995605,-6.510843682289124,13.21798091862556,-20.532806930283275,-14.607309040764537,-21.485600051621166,-19.728824600914685
ISRG,11.333484649658203,12.230550765991211,15.528914451599121,13.191069793701173,13.72257552485155,-2.3890908751933466,-1.4920247588603388,1.8063389267475713,-0.5315057311503768
JKHY,11.521085739135742,19.58943748474121,17.16094398498535,15.39069938659668,-8.906336471222843,20.427422210358586,28.495773955964054,26.067280456208195,24.297035857819523
BLK,2.4850258827209473,1.0499999523162842,-0.23248568177223206,1.111016070842743,-2.2382406017722447,4.723266484493192,3.288240554088529,2.0057549200000127,3.3492566726149877
TRGP,5.817465305328369,8.287801742553711,5.588617324829102,6.219993400573731,-7.086475536991357,12.903940842319727,15.374277279545069,12.67509286182046,13.30646893756509
CINF,-5.31345796585083,5.547962665557861,-0.5969349145889282,-1.2545646190643311,2.6317700893397573,-7.945228055190587,2.916192576218104,-3.2287050039286855,-3.8863347084040885
DTE,-10.453083992004395,-7.576183795928955,-5.074787616729736,-7.726385402679444,-2.5545300863025076,-7.8985539057018865,-5.021653709626447,-2.5202575304272288,-5.171855316376936
GILD,-2.8409981727600098,5.009832859039307,1.2940608263015747,0.38319163322448746,9.377835479970544,-12.218833652730554,-4.368002620931238,-8.08377465366897,-8.994643846746056
MTD,-1.372935175895691,11.727540969848633,-0.5375924110412598,1.5812971591949463,14.497646147663874,-15.870581323559565,-2.770105177815241,-15.035238558705133,-12.916348988468927
LUV,12.92210578918457,13.242441177368164,10.59436321258545,12.05507583618164,3.0787038704267533,9.843401918757817,10.16373730694141,7.5156593421586955,8.976371965754886
OKE,14.17776870727539,13.631095886230469,9.604264259338379,12.239032363891601,-11.234768123727992,25.412536831003383,24.86586400995846,20.83903238306637,23.47380048761959
ORLY,-13.310955047607422,-8.361120223999023,-10.010573387145996,-11.000835418701172,-8.727166012142748,-4.583789035464674,0.36604578814372424,-1.2834073750032484,-2.273669406558424
USB,10.558435440063477,11.48358154296875,6.412936210632324,9.085264968872071,7.010192781984896,3.54824265807858,4.473388760983854,-0.5972565713525722,2.0750721868871747
MOS,9.54710578918457,11.85641098022461,7.518792629241943,9.197641563415527,-12.760815906709874,22.307921695894443,24.617226886934482,20.279608535951816,21.958457470125403
BSX,5.183677673339844,10.558835983276367,7.061807632446289,7.009961318969728,-2.175600120131843,7.359277793471687,12.73443610340821,9.237407752578132,9.185561439101571
TEL,-10.988091468811035,1.545890212059021,-0.632845401763916,-4.339196705818177,23.993936662016,-34.98202813082703,-22.44804644995698,-24.626782063779917,-28.33313336783418
COF,-0.6137176752090454,12.605098724365234,0.2522803843021393,2.3764448285102846,6.415495677323634,-7.029213352532679,6.189603047041601,-6.163215293021494,-4.039050848813349
ABBV,-5.9807868003845215,-2.597355604171753,-4.397257328033447,-4.670688772201538,10.43541378765889,-16.41620058804341,-13.032769391830643,-14.832671115692337,-15.106102559860428
ON,8.271199226379395,13.502161026000977,7.243886947631836,8.906466674804689,5.232195147054215,3.0390040793251796,8.269965878946762,2.011691800577621,3.6742715277504736
PFG,19.297740936279297,17.13454818725586,12.716065406799316,16.232432174682618,12.25606097926482,7.041679957014477,4.878487207991039,0.46000442753449633,3.976371195417798
TSN,4.906243801116943,-4.586232662200928,-5.729208469390869,-1.246432399749756,-7.930148691654312,12.836392492771255,3.343916029453384,2.2009402222634424,6.683716291904556
HLT,11.443044662475586,14.53271484375,4.143248558044434,9.141060256958008,-1.4642163978895717,12.907261060365158,15.996931241639572,5.607464955934005,10.60527665484758
VLO,9.233497619628906,10.483541488647461,1.2639191150665283,6.295674991607665,27.882949122714543,-18.649451503085636,-17.39940763406708,-26.619030007648014,-21.587274131106877
LIN,0.8716474771499634,1.932119607925415,-0.6466984748840332,0.4764035224914551,-10.60771682685646,11.479364304006424,12.539836434781876,9.961018351972427,11.084120349347916
J,-11.472923278808594,-10.847068786621094,-3.7198188304901123,-8.2465106010437,6.238385077632575,-17.71130835644117,-17.08545386425367,-9.958203908122687,-14.484895678676276
NSC,-11.854118347167969,-6.39445161819458,-7.709046840667725,-9.104156398773194,1.0375454235547563,-12.891663770722726,-7.431997041749336,-8.746592264222482,-10.14170182232795
CVX,2.0227909088134766,3.6439602375030518,-5.94868278503418,-0.8415647029876707,4.123628259372985,-2.100837350559509,-0.4796680218699336,-10.072311044407165,-4.965192962360656
PSX,0.7067476511001587,6.48406457901001,-1.254982590675354,1.0775189399719238,15.241437091392308,-14.53468944029215,-8.757372512382299,-16.49641968206766,-14.163918151420384
XOM,5.513042449951172,7.239726543426514,5.8624420166015625,5.998139095306397,8.94211044443855,-3.4290679944873776,-1.7023839010120358,-3.079668427836987,-2.943971349132153
AXON,0.6245704889297485,1.234093189239502,-1.2339584827423096,0.0030634403228759766,-15.929365523632422,16.55393601256217,17.163458712871922,14.695407040890112,15.932428963955298
KMB,-2.2852797508239746,-4.838158130645752,-5.6049909591674805,-4.123739910125733,-11.61130248396646,9.326022733142485,6.773144353320708,6.00631152479898,7.487562573840727
PEP,-7.882072925567627,-1.712684154510498,-6.2248077392578125,-5.985289096832275,2.500757716151982,-10.38283064171961,-4.21344187066248,-8.725565455409795,-8.486046812984258
FI,14.351153373718262,18.9622859954834,17.350637435913086,16.473173522949217,-49.74377997354607,64.09493334726433,68.70606596902947,67.09441740945915,66.21695349649528
BKR,-6.11499547958374,3.8762526512145996,-5.355615615844727,-3.8129939079284667,12.738708420220457,-18.853703899804195,-8.862455769005857,-18.09432403606518,-16.551702328148924
FDX,0.6980447769165039,5.640146732330322,1.1783608198165894,1.8785915851593018,13.703617222326727,-13.005572445410223,-8.063470489996405,-12.525256402510138,-11.825025637167425
SPG,-12.064665794372559,0.5127700567245483,-7.474753379821777,-7.713213658332826,6.9159501874782565,-18.980615981850814,-6.403180130753708,-14.390703567300033,-14.629163845811082
VZ,3.2928566932678223,5.4776153564453125,-1.8960784673690796,1.6542343616485597,-5.883295175074764,9.176151868342586,11.360910531520076,3.9872167077056844,7.537529536723324
FTNT,10.57699966430664,17.88691520690918,13.448393821716309,13.187540435791016,14.780872247465531,-4.203872583158891,3.1060429594436485,-1.3324784257492226,-1.5933318116745152
CME,-3.0267486572265625,-0.19975584745407104,0.01386960782110691,-1.2451027892529964,-5.050770299524849,2.024021642298287,4.851014452070778,5.064639907345956,3.805667510271853
FOXA,5.201752185821533,9.051362991333008,7.397982597351074,6.850166511535646,20.564100451812767,-15.362348265991233,-11.512737460479759,-13.166117854461692,-13.713933940277121
DECK,-4.8822808265686035,1.9761335849761963,-5.4669108390808105,-3.7444499492645265,-20.011776927854186,15.129496101285582,21.987910512830382,14.544866088773375,16.267326978589658
META,-6.492091655731201,0.7604764103889465,-1.91360604763031,-3.210183799266815,-14.83827510116725,8.346183445436049,15.598751511556197,12.92466905353694,11.628091301900435
WELL,-8.88737678527832,-1.8341374397277832,-6.57037353515625,-6.549927616119385,7.166917693921376,-16.054294479199697,-9.00105513364916,-13.737291229077627,-13.71684531004076
COP,-2.8704605102539062,5.940733432769775,-2.166691541671753,-0.8267141342163087,-3.2472365124353724,0.3767760021814661,9.187969945205147,1.0805449707636194,2.4205223782190637
PLTR,-9.626792907714844,-5.590430736541748,-10.986342430114746,-9.363340282440186,10.027444883904648,-19.654237791619494,-15.617875620446396,-21.013787314019396,-19.390785166344834
BDX,-5.2723822593688965,-5.749911785125732,-7.12764310836792,-6.109992504119873,-4.261872934276888,-1.0105093250920083,-1.4880388508488442,-2.8657701740910317,-1.8481195698429849
MCD,-11.396419525146484,-2.81899356842041,-10.371940612792969,-9.271142768859864,-2.5285774816730635,-8.86784204347342,-0.29041608674734665,-7.843363131119905,-6.7425652871868005
GPC,-9.665213584899902,-0.3081613779067993,-9.268750190734863,-7.635217785835266,-4.27322224434032,-5.391991340559582,3.9650608664335207,-4.995527946394543,-3.361995541494946
INCY,-13.070791244506836,-2.722322463989258,-9.727867126464844,-9.663927841186524,19.539650901527143,-32.610442146033975,-22.2619733655164,-29.267518027991986,-29.203578742713667
CSGP,-13.135693550109863,2.753939151763916,-8.704560279846191,-8.185313701629639,-27.82672519230332,14.691031642193458,30.580664344067237,19.12216491245713,19.641411490673683
BG,1.792444109916687,-3.782135486602783,-8.294760704040527,-3.357353734970093,15.322171042994428,-13.529726933077741,-19.10430652959721,-23.616931747034954,-18.67952477796452
EPAM,7.928503036499023,12.88858413696289,10.501971244812012,9.949906539916991,3.676928864580332,4.2515741719186915,9.211655272382558,6.82504238023168,6.2729776753366595
HON,17.593395233154297,11.890636444091797,15.358259201049805,15.5587890625,-0.8573566416079271,18.450751874762226,12.747993085699724,16.215615842657733,16.41614570410793
PANW,13.96451187133789,11.96452522277832,9.881998062133789,11.931509017944338,31.01725014664233,-17.05273827530444,-19.05272492386401,-21.13525208450854,-19.08574112869799
ACN,18.057607650756836,18.988340377807617,17.858552932739258,18.164132308959964,3.466823117860687,14.590784532896148,15.521517259946929,14.39172981487857,14.697309191099276
DVA,7.922511577606201,9.92904281616211,10.303927421569824,9.276384162902833,-6.7898861559802075,14.712397733586409,16.718928972142315,17.09381357755003,16.066270318883042
NWSA,-2.5645766258239746,-0.6813044548034668,4.257058143615723,0.5407317161560059,-8.214073651073173,5.6494970252491985,7.532769196269706,12.471131794688896,8.75480536722918
HUM,-6.480010032653809,-0.7239482402801514,-9.998429298400879,-6.736165380477906,8.987665772178543,-15.467675804832352,-9.711614012458694,-18.986095070579424,-15.723831152656448
IEX,10.47624397277832,13.991863250732422,15.985137939453125,13.382925415039065,8.621196149423705,1.8550478233546155,5.370667101308717,7.36394179002942,4.76172926561536
WEC,-5.028038024902344,0.2900839149951935,-5.406954765319824,-4.115980333089828,1.756985030308551,-6.785023055210894,-1.4669011153133575,-7.163939795628375,-5.872965363398379
AKAM,13.156593322753906,19.19077491760254,16.992712020874023,15.89787712097168,0.4547837455529642,12.701809577200942,18.735991172049573,16.537928275321057,15.443093375418716
MGM,12.06160831451416,10.780195236206055,5.810703754425049,9.304963874816895,-7.721118916348995,19.782727230863156,18.50131415255505,13.531822670774044,17.02608279116589
AMGN,11.075408935546875,7.670694351196289,5.981626510620117,8.356953048706055,5.672965110467616,5.402443825079259,1.997729240728673,0.3086614001525012,2.683987938238439
QCOM,10.760061264038086,19.74492835998535,12.435051918029785,13.22703094482422,24.69464675346396,-13.934585489425874,-4.949718393478609,-12.259594835434175,-11.46761580863974
DELL,2.6474952697753906,10.971151351928711,3.2878618240356445,4.568373107910157,21.397191631032577,-18.749696361257186,-10.426040279103866,-18.109329806996932,-16.828818523122422
DPZ,11.954720497131348,9.299755096435547,7.631320953369141,9.694367599487304,-9.588255778501514,21.54297627563286,18.88801087493706,17.219576731870653,19.28262337798882
GPN,1.3400218486785889,4.748745441436768,-2.5577704906463623,0.4626496315002442,-4.919623725654108,6.259645574332697,9.668369167090876,2.3618532350077457,5.382273357154352
CNC,3.001262664794922,-3.42743182182312,0.6029139757156372,0.7561842918395996,40.02374747187586,-37.022484807080936,-43.45117929369898,-39.42083349616022,-39.267563180036255
REGN,-5.017706394195557,3.051074504852295,-3.207977533340454,-2.6800586700439455,16.61124431185156,-21.628950706047117,-13.560169806999266,-19.819221845192015,-19.291302981895505
AMP,17.862882614135742,15.36569595336914,14.257759094238281,15.921395874023439,-9.16441409863708,27.027296712772824,24.530110052006222,23.422173192875363,25.08580997266052
MOH,13.46446418762207,13.495904922485352,9.639193534851074,11.940644073486329,-1.251614478326613,14.716078665948682,14.747519400811964,10.890808013177686,13.192258551812941
RSG,14.583494186401367,15.307954788208008,9.577073097229004,12.725817871093751,-11.38047057150472,25.963964757906087,26.688425359712728,20.957543668733724,24.10628844259847
CEG,-2.4942564964294434,0.03118687868118286,-0.24487096071243286,-1.0894136071205138,12.20074024026247,-14.694996736691913,-12.169553361581286,-12.445611200974902,-13.290153847382983
FSLR,-15.700510025024414,6.537445545196533,-2.769031524658203,-6.08032751083374,43.82542762015024,-59.52593764517466,-37.28798207495371,-46.59445914480845,-49.905755130983984
DOC,9.920903205871582,10.33956527709961,9.272048950195312,9.745093917846681,7.647762495633337,2.273140710238245,2.691802781466272,1.6242864545619753,2.097331422213344
ETR,-14.882888793945312,-2.7097129821777344,-5.898708820343018,-8.85458164215088,6.84694852631779,-21.7298373202631,-9.556661508495523,-12.745657346660806,-15.701530168468668
CHTR,11.75649356842041,17.699905395507812,13.417019844055176,13.609386444091797,-9.63753093710946,21.39402450552987,27.337436332617273,23.054550781164636,23.246917381201257
EVRG,-6.491276741027832,-0.4089651107788086,-6.062057018280029,-5.103126525878906,6.386571564857868,-12.8778483058857,-6.795536675636677,-12.448628583137896,-11.489698090736773
D,-10.040386199951172,-4.03502082824707,-11.088231086730957,-9.258451080322267,-3.8475465587125504,-6.1928396412386215,-0.18747426953451996,-7.240684528018407,-5.410904521609717
RJF,-7.207034587860107,2.44319486618042,-1.478880524635315,-2.9857270717620854,-2.3676504140076258,-4.839384173852482,4.810845280188046,0.8887698893723108,-0.6180766577544596
AXP,14.471546173095703,10.887821197509766,3.485067844390869,9.360209846496582,22.70349819750316,-8.231952024407455,-11.815676999993393,-19.21843035311229,-13.343288351006576
BF-B,-10.191967010498047,-2.8531811237335205,-7.436163902282715,-7.621888589859009,-11.443091160686397,1.2511241501883497,8.589910036952876,4.006927258403682,3.8212025708273876
FOX,-1.5580040216445923,9.976808547973633,8.067242622375488,4.599057149887085,19.660681013707208,-21.2186850353518,-9.683872465733575,-11.59343839133172,-15.061623863820124
EXPD,0.09082778543233871,8.343839645385742,-2.3964807987213135,0.7465067237615585,3.2438399601542316,-3.153012174721893,5.099999685231511,-5.640320758875545,-2.4973332363926732
GEN,8.703567504882812,11.202604293823242,9.109213829040527,9.365633392333985,-6.3844337945166165,15.08800129939943,17.58703808833986,15.493647623557145,15.7500671868506
TMUS,-2.4437255859375,4.036379814147949,-6.027315616607666,-2.581140518188477,-13.23000862793626,10.78628304199876,17.266388442084207,7.202693011328593,10.648868109747783
LW,1.0956127643585205,9.200292587280273,5.670433044433594,4.5464768409729,19.14708934263323,-18.05147657827471,-9.946796755352956,-13.476656298199636,-14.60061250166033
NEE,7.2052693367004395,8.222073554992676,5.9323601722717285,6.899466514587402,13.01936631467576,-5.814096977975321,-4.797292759683085,-7.087006142404032,-6.119899800088358
NTAP,3.486783027648926,3.8918776512145996,3.0679566860198975,3.400271415710449,13.906884862896638,-10.420101835247712,-10.015007211682038,-10.83892817687674,-10.506613447186188
IRM,11.456993103027344,12.850574493408203,6.967983722686768,9.940105628967284,13.026964083459564,-1.5699709804322204,-0.176389590051361,-6.058980360772797,-3.0868584544922797
GS,-3.226444721221924,8.40106201171875,-2.7342352867126465,-0.7040596008300781,10.26143640398553,-13.487881125207453,-1.8603743922667793,-12.995671690698176,-10.965496004815607
TAP,-4.2109856605529785,-3.952826976776123,-2.4487364292144775,-3.4544542312622073,-10.837126659988035,6.626140999435057,6.884299683211912,8.388390230773558,7.382672428725828
KR,-4.241835117340088,-5.472898960113525,-11.200119018554688,-7.271361446380616,-13.29538723072288,9.053552113382793,7.822488270609355,2.095268212168193,6.024025784342265
ALLE,-11.120072364807129,-7.465104103088379,-4.295647621154785,-7.659308815002442,1.2397695805510554,-12.359841945358184,-8.704873683639434,-5.53541720170584,-8.899078395553497
FRT,10.164129257202148,11.454429626464844,9.186887741088867,10.031292724609376,5.321565013750531,4.842564243451617,6.132864612714313,3.865322727338336,4.709727710858845
DLTR,-11.651748657226562,-6.197490692138672,-12.892369270324707,-11.057145309448243,-15.397746971359677,3.7459983141331143,9.200256279221005,2.50537770103497,4.340601661911434
FAST,-2.41164493560791,-2.00112247467041,-4.848814964294434,-3.30440845489502,-12.881381282916127,10.469736347308217,10.880258808245717,8.032566318621694,9.576972828021107
AZO,-11.656990051269531,-4.034531116485596,-6.503412246704102,-8.071067142486573,-9.504157028104917,-2.1528330231646144,5.469625911619321,3.0007447814008152,1.4330898856183438
VMC,-4.57660436630249,-0.5319782495498657,-0.03779641538858414,-1.952155962586403,2.793553730972597,-7.3701580972750875,-3.3255319805224626,-2.831350146361181,-4.745709693559
VRTX,9.64819049835205,12.680015563964844,9.264609336853027,10.101123046875001,13.294998214263067,-3.6468077159110166,-0.6149826502982236,-4.03038887741004,-3.1938751673880663
EL,3.676212787628174,-3.7702479362487793,-5.631547927856445,-1.5361836433410643,6.402475474293498,-2.726262686665324,-10.172723410542277,-12.034023402149943,-7.938659117634562
PWR,0.8626113533973694,10.75593376159668,0.2794664800167084,2.6080178856849674,15.977377736123447,-15.114766382726078,-5.221443974526768,-15.697911256106739,-13.36935985043848
HAS,-1.0677646398544312,-6.384714126586914,-3.417043685913086,-3.0708661556243895,-0.4742300888090595,-0.5935345510453717,-5.910484037777855,-2.9428135971040263,-2.59663606681533
HUBB,-5.156912326812744,-2.710923671722412,2.62375807762146,-1.5554464340209961,12.817297183259544,-17.97420951007229,-15.528220854981956,-10.193539105638084,-14.372743617280541
TYL,1.5138615369796753,-1.099872350692749,-3.515136957168579,-1.0204846382141113,-20.648460016272924,22.1623215532526,19.548587665580175,17.133323059104345,19.627975378058814
C,-2.548501491546631,0.46935582160949707,-1.517336130142212,-1.5324638843536378,10.961306184408889,-13.50980767595552,-10.491950362799392,-12.4786423145511,-12.493770068762526
CAG,1.203215479850769,6.179220676422119,0.8206566572189331,2.0453929901123047,-8.8660278145094,10.069243294360168,15.045248490931519,9.686684471728332,10.911420804621704
PH,-6.388345241546631,-2.2389183044433594,3.256868362426758,-1.7003744125366214,6.797498036247419,-13.18584327779405,-9.036416340690778,-3.5406296738206615,-8.49787244878404
PNW,-7.990383625030518,-1.2982115745544434,-8.138604164123535,-6.71123743057251,-5.608874178607561,-2.3815094464229567,4.3106626040531175,-2.5297299855159743,-1.1023632519649489
HCA,7.471675395965576,7.243307590484619,0.8144890666007996,4.763127303123474,23.34995983271414,-15.878284436748565,-16.106652242229522,-22.53547076611334,-18.586832529590666
DAY,17.050270080566406,18.25210952758789,10.947687149047852,14.84960479736328,30.18939177468895,-13.139121694122544,-11.93728224710106,-19.2417046256411,-15.33978697732567
MNST,7.026800155639648,9.000568389892578,2.338933229446411,5.546407032012939,9.917767548784049,-2.8909673931444004,-0.9171991588914707,-7.578834319337638,-4.37136051677111
LRCX,-2.61275053024292,-3.0068163871765137,11.794516563415527,3.07134313583374,59.12348767484055,-61.73623820508347,-62.13030406201706,-47.32897111142502,-56.052144539006804
MLM,-7.646887302398682,-1.0891367197036743,-2.2479798793792725,-4.1757742166519165,2.269979518576072,-9.916866820974754,-3.3591162382797464,-4.5179593979553445,-6.445753735227989
RMD,-9.67049503326416,-6.426148414611816,1.2569031715393066,-4.650666427612304,-11.69828793375934,2.0277929004951805,5.272139519147524,12.955191105298647,7.047621506147037
WM,-1.125357747077942,8.030949592590332,-4.108036041259766,-0.4871675968170166,-14.02099018067762,12.895632433599678,22.051939773267954,9.912954139417854,13.533822583860603
ABT,2.984381675720215,4.794149875640869,-0.8842882513999939,1.7988673448562622,-5.974773132394853,8.959154808115068,10.768923008035722,5.090484880994859,7.773640477251115
SWK,12.671512603759766,7.977743148803711,7.8386311531066895,9.799606132507325,-0.3707504590465592,13.042263062806326,8.348493607850271,8.20938161215325,10.170356591553885
CLX,-5.459506034851074,-0.7969313859939575,-7.162296295166016,-5.208107209205628,-8.95123567290664,3.491729638055565,8.154304286912682,1.7889393777406237,3.7431284637010114
XYL,-9.900400161743164,-2.6936116218566895,-4.255812644958496,-6.201207447052003,5.428215150168544,-15.328615311911708,-8.121826772025234,-9.68402779512704,-11.629422597220547
ORCL,-1.2872627973556519,-6.328763008117676,-1.9509021043777466,-2.5610185623168946,5.483666079114307,-6.7709288764699584,-11.812429087231983,-7.434568183492053,-8.044684641431202
SJM,-6.764875888824463,-6.329801082611084,-3.2802817821502686,-5.284023284912109,-5.739239815171915,-1.0256360736525476,-0.5905612674391687,2.4589580330216467,0.4552165302598059
HRL,5.296653747558594,6.386687278747559,8.72647762298584,6.886590003967285,-23.435450711974447,28.73210445953304,29.822137990722005,32.16192833496029,30.322040715941732
DXCM,14.05177116394043,16.19768714904785,16.67203140258789,15.529058456420898,-23.795811442513763,37.847582606454196,39.99349859156162,40.46784284510166,39.324869898934665
AIZ,0.5999224781990051,6.81676721572876,-2.8693811893463135,0.4555699586868289,5.301270488080252,-4.701348009881247,1.5154967276485074,-8.170651677426566,-4.845700529393423
IDXX,-6.063595294952393,0.2009446620941162,-1.1825400590896606,-2.8582652091979983,-3.161244788196101,-2.9023505067562914,3.3621894502902174,1.9787047291064406,0.3029795789981029
MAR,17.27157974243164,15.655336380004883,10.40231990814209,14.20062713623047,0.2510301381751784,17.020549604256463,15.404306241829705,10.151289769966912,13.949596998055291
IBKR,-0.8140407800674438,-0.35802197456359863,-5.039855480194092,-2.413162899017334,9.649450190799874,-10.463490970867317,-10.007472165363472,-14.689305670993965,-12.062613089817209
TDG,20.690168380737305,9.092567443847656,11.169833183288574,14.562514114379884,-2.145711256784169,22.835879637521472,11.238278700631826,13.315544440072744,16.70822537116405
WMB,9.628979682922363,6.7414679527282715,5.992924690246582,7.597055339813233,0.8150655003696596,8.813914182552704,5.926402452358612,5.177859189876923,6.781989839443574
COIN,8.94581127166748,6.752707004547119,3.587982416152954,6.364058876037598,10.614881214756489,-1.6690699430890081,-3.8621742102093695,-7.0268987986035345,-4.250822338718891
SNPS,-1.2161473035812378,-4.902932643890381,-5.426122188568115,-3.6374943256378174,-26.84216548906887,25.62601818548763,21.939232845178488,21.416043300500753,23.20467116343105
EA,-6.263976573944092,1.1463724374771118,-6.978522777557373,-5.067725253105164,23.060481773509796,-29.324458347453888,-21.914109336032684,-30.03900455106717,-28.12820702661496
ESS,10.727935791015625,22.53652572631836,13.897705078125,14.357561492919922,-1.0877708209505483,11.815706611966174,23.62429654726891,14.98547589907555,15.44533231387047
LYB,14.015090942382812,16.46617317199707,12.090392112731934,13.735427856445312,-5.266231748700155,19.281322691082966,21.732404920697224,17.356623861432087,19.001659605145466
LNT,-6.662349700927734,-0.9809725284576416,-4.199357986450195,-4.5408775806427,1.818608156108758,-8.480957857036492,-2.7995806845663997,-6.0179661425589535,-6.359485736751458
ABNB,13.285736083984375,13.885383605957031,18.7288761138916,15.582921600341798,5.4236459238832655,7.8620901601011095,8.461737682073766,13.305230190008336,10.159275676458533
KDP,0.2586566209793091,-0.19338518381118774,-7.068254470825195,-2.762516176700592,-19.159945163708404,19.418601784687713,18.966559979897216,12.091690692883208,16.39742898700781
AMT,10.208276748657227,9.491266250610352,10.285736083984375,10.095858383178712,-14.024223938061494,24.232500686718723,23.515490188671848,24.30996002204587,24.120082321240204
URI,-2.7025575637817383,3.29298734664917,-7.501521110534668,-3.4230340003967283,2.138279908894689,-4.840837472676427,1.1547074377544808,-9.639801019429356,-5.5613139092914174
PKG,5.4346747398376465,7.983138084411621,-0.6513310074806213,3.5099651098251345,1.0489478267862296,4.385726913051417,6.934190257625391,-1.700278834266851,2.461017283038905
CDW,10.945999145507812,17.707067489624023,21.51291847229004,16.524980545043945,-1.180706622523574,12.126705768031387,18.887774112147596,22.693625094813612,17.70568716756752
VLTO,-12.555617332458496,-3.0789332389831543,-4.448202610015869,-7.417314624786378,-8.142633544418551,-4.412983788039945,5.063700305435397,3.694430934402682,0.7253189196321728
COR,17.376344680786133,13.870687484741211,6.259051322937012,12.2282958984375,21.566553311453013,-4.190208630666881,-7.6958658267118025,-15.307501988516002,-9.338257413015514
AVB,12.750680923461914,21.455974578857422,13.683516502380371,14.864873886108398,-6.764356957866763,19.515037881328677,28.220331536724185,20.447873460247134,21.62923084397516
MRK,1.6733325719833374,8.102689743041992,-1.8821836709976196,1.5369975090026855,8.03697210018735,-6.363639528204013,0.06571764285464177,-9.91915577118497,-6.499974591184665
BLDR,1.8195236921310425,-0.87534499168396,-6.3266801834106445,-1.977931594848633,-11.49626464223624,13.315788334367282,10.62091965055228,5.169584458825595,9.518333047387607
DHI,-12.52829360961914,-4.841805458068848,-13.010815620422363,-11.184004783630371,-3.12560762731233,-9.40268598230681,-1.7161978307565176,-9.885207993110033,-8.05839715631804
CTVA,4.936151027679443,3.459540367126465,5.909499168395996,5.030168151855468,-13.31538119403165,18.251532221711095,16.774921561158116,19.224880362427648,18.345549345887118
ROP,13.357865333557129,12.099489212036133,11.013482093811035,12.168436813354493,-16.73512833872392,30.09299367228105,28.834617550760054,27.748610432534957,28.903565152078414
MSCI,8.514581680297852,9.76382827758789,8.723309516906738,8.847922134399415,8.23821559432166,0.27636608597619094,1.52561268326623,0.48509392258507766,0.6097065400777542
ZBH,-0.7902519702911377,6.0596537590026855,-3.9756762981414795,-0.6944405555725097,2.414064680473339,-3.204316650764477,3.6455890785293463,-6.389740978614819,-3.1085052360458487
JBL,17.70705223083496,12.339630126953125,6.978935241699219,12.342321014404297,0.2182943727169418,17.48875785811802,12.121335754236183,6.760640868982277,12.124026641687355
BEN,-4.03904390335083,7.765953540802002,0.706559419631958,0.22019691467285152,-7.788045286426323,3.749001383075493,15.553998827228325,8.494604706058281,8.008242201099174
WAB,18.98160743713379,17.52595329284668,15.63761043548584,17.352877807617187,8.936857068356513,10.044750368777276,8.589096224490167,6.700753367129327,8.416020739260674
TTWO,3.5326452255249023,10.78843879699707,9.666007041931152,7.4371486663818365,13.192630535268917,-9.659985309744014,-2.4041917382718463,-3.5266234933377643,-5.75548186888708
TER,-9.971630096435547,-2.7494916915893555,-4.179910659790039,-6.210514640808105,70.90256027661603,-80.87419037305158,-73.65205196820538,-75.08247093640607,-77.11307491742413
TXT,8.692938804626465,8.46242904663086,3.697071075439453,6.64848976135254,4.458068311425622,4.234870493200843,4.004360735205237,-0.760997235986169,2.1904214499269177
UNP,11.619833946228027,13.068803787231445,7.124979019165039,10.111685943603517,-0.4103800387265475,12.030213984954575,13.479183825957993,7.535359057891586,10.522065982330064
LMT,8.731705665588379,11.955787658691406,10.715499877929688,10.17003974914551,15.02462143675691,-6.292915771168531,-3.0688337780655033,-4.309121558827222,-4.8545816876114
HSY,-5.233349323272705,-8.65011215209961,-5.187962532043457,-5.898547172546387,-8.837822611793243,3.6044732885205377,0.18771045969363342,3.6498600797497858,2.939275439246856
MKC,11.72508430480957,16.59445571899414,11.17849063873291,12.48032112121582,-8.022772555205773,19.747856860015343,24.617228274199913,19.201263193938683,20.503093676421592
MAS,-8.755881309509277,-0.29856789112091064,-7.274737358093262,-6.471961045265198,-6.19930290055122,-2.5565784089580577,5.900735009430309,-1.075434457542042,-0.2726581447139784
PHM,-5.4370503425598145,-1.0704076290130615,-9.219773292541504,-6.07681097984314,-0.5006252749648678,-4.936425067594946,-0.5697823540481938,-8.719148017576636,-5.576185704878272
CMG,13.823741912841797,20.232091903686523,12.82689380645752,14.706672668457031,-25.76715494614521,39.59089685898701,45.999246849831735,38.59404875260273,40.47382761460224
CDNS,-10.97540283203125,-3.941627025604248,-1.670911431312561,-5.846851110458375,-4.413960072123221,-6.561442759908029,0.47233304651897257,2.7430486408106596,-1.4328910383351543
DVN,-3.7246251106262207,10.727615356445312,4.52000617980957,2.4636754989624023,1.0059372152297446,-4.730562325855965,9.721678141215568,3.5140689645798258,1.4577382837326578
MO,-10.319592475891113,-2.44460391998291,-1.604367733001709,-5.258504867553711,-9.848689511228384,-0.47090296466272896,7.404085591245474,8.244321778226675,4.590184643674673
AEP,-15.968320846557617,-3.852114200592041,-8.935128211975098,-10.731802463531494,6.613474186742438,-22.581795033300054,-10.465588387334478,-15.548602398717534,-17.34527665027393
APTV,6.428271293640137,12.49270248413086,8.830290794372559,8.60196533203125,23.252271599939615,-16.824000306299478,-10.759569115808755,-14.421980805567056,-14.650306267908364
GNRC,-13.578180313110352,-5.85288667678833,-10.106555938720703,-10.644471836090087,-13.17693232586851,-0.40124798724184174,7.32404564908018,3.0703763871478067,2.5324604897784226
TJX,-12.051694869995117,-6.498838901519775,-7.294640064239502,-9.038301753997803,6.520356927627699,-18.572051797622816,-13.019195829147474,-13.8149969918672,-15.558658681625502
MCK,12.666194915771484,17.380456924438477,8.875866889953613,12.092916107177734,22.474193388786563,-9.807998473015079,-5.093736464348087,-13.59832649883295,-10.38127728160883
PLD,11.038341522216797,8.660360336303711,5.945319175720215,8.525536346435548,17.78772575307754,-6.749384230860745,-9.12736541677383,-11.842406577357327,-9.262189406641994
NFLX,11.24045181274414,8.501895904541016,11.559077262878418,10.820190811157227,-5.211078731251405,16.451530543995545,13.71297463579242,16.770155994129823,16.03126954240863
REG,-2.7790589332580566,3.2128334045410156,-7.039524555206299,-3.2848667144775394,-4.010268741941035,1.2312098086829781,7.22310214648205,-3.029255813265264,0.7254020274634954
ODFL,12.291298866271973,21.850414276123047,14.661151885986328,15.15106315612793,-3.1977086972707363,15.489007563542708,25.048122973393784,17.858860583257066,18.348771853398667
ECL,2.5642151832580566,-0.041889727115631104,0.4265557825565338,1.18793044090271,-4.7272296364838375,7.291444819741894,4.685339909368206,5.153785419040371,5.915160077386547
NI,-6.416819095611572,1.4696319103240967,-0.5236477851867676,-2.4822603702545165,0.0513086701863997,-6.468127765797972,1.418323240137697,-0.5749564553731673,-2.5335690404409164
SO,-8.239265441894531,-0.4766930341720581,-5.3736371994018555,-5.540499663352967,-0.591891447668217,-7.647373994226315,0.11519841349615889,-4.781745751733639,-4.94860821568475
JNJ,-11.301446914672852,-11.957988739013672,-8.943678855895996,-10.489648056030275,10.917231074786832,-22.218677989459685,-22.875219813800506,-19.86090993068283,-21.406879130817106
EOG,1.2029750347137451,5.048337459564209,-0.9413921236991882,1.1143006563186646,-7.858709594459458,9.061684629173204,12.907047054023668,6.91731747076027,8.973010250778122
TSLA,3.332056999206543,0.2250765860080719,1.0536919832229614,1.799314910173416,41.67003230922157,-38.337975310015025,-41.444955723213496,-40.61634032599861,-39.870717399048154
ALL,-7.593119144439697,-4.6822004318237305,-8.281365394592285,-7.286233901977539,-6.1148430186525555,-1.4782761257871417,1.432642586828825,-2.1665223759397296,-1.1713908833249835
SYY,-0.846627950668335,-10.295011520385742,-1.2961682081222534,-2.916120767593384,-6.974192387632916,6.127564436964581,-3.320819132752826,5.678024179510663,4.058071620039533
GDDY,13.859050750732422,15.07940673828125,16.395837783813477,15.11783676147461,-11.394339512271214,25.253390263003638,26.473746250552466,27.790177296084693,26.512176273745823
EBAY,-10.767804145812988,-8.419870376586914,-12.687607765197754,-11.066138839721681,-12.314673361078974,1.5468692152659855,3.8948029844920597,-0.3729344041187801,1.2485345213572927
EG,12.777539253234863,11.582723617553711,15.364690780639648,13.573436737060547,-4.153589863272133,16.931129116506995,15.736313480825844,19.51828064391178,17.727026600332678
EMR,-2.1145129203796387,7.754700660705566,6.601221561431885,3.345623588562012,5.4886661090186175,-7.603179029398256,2.266034551686949,1.1125554524132673,-2.1430425204566057
ADI,7.826371669769287,9.628578186035156,4.897832870483398,7.015397453308106,5.349572496410878,2.476799173358409,4.279005689624278,-0.4517396259274795,1.6658249568972279
YUM,13.641050338745117,16.044677734375,12.130026817321777,13.517366409301758,-2.5807196162310633,16.221769954976182,18.625397350606065,14.71074643355284,16.098086025532822
PAYC,1.5493470430374146,3.372875213623047,1.0712790489196777,1.7228254795074465,-19.70587291514818,21.255219958185595,23.078748128771227,20.77715196406786,21.428698394655626
JPM,15.009565353393555,7.077394008636475,0.7625196576118469,7.724312806129455,8.953988149354934,6.05557720403862,-1.8765941407184599,-8.191468491743088,-1.2296753432254794
O,0.7911638021469116,7.109217643737793,-4.571600914001465,-0.09033131599426292,2.9612301824424145,-2.170066380295503,4.147987461295378,-7.532831096443879,-3.0515614984366772
MSFT,-6.009652614593506,-5.086472034454346,4.782018661499023,-1.508347988128662,-0.4183257158512099,-5.591326898742296,-4.668146318603136,5.200344377350233,-1.0900222722774522
WBD,-9.125239372253418,-3.3766117095947266,-6.092656135559082,-6.762480545043946,89.29174884334822,-98.41698821560163,-92.66836055294294,-95.3844049789073,-96.05422938839216
FCX,12.843002319335938,11.288909912109375,5.690495491027832,9.671181106567383,2.5724741373243565,10.270528182011581,8.716435774785019,3.1180213537034756,7.098706969243027
EXPE,-0.932064414024353,-2.4302287101745605,-5.3340606689453125,-2.9924957752227783,17.485994374363255,-18.418058788387608,-19.916223084537815,-22.820055043308567,-20.478490149586033
PSKY,12.471380233764648,6.862767696380615,12.574586868286133,11.390940380096435,31.440060715825112,-18.968680482060464,-24.577293019444497,-18.86547384753898,-20.049120335728677
HST,14.962103843688965,15.324525833129883,11.908123970031738,13.812996292114256,6.129373404610265,8.8327304390787,9.195152428519618,5.778750565421474,7.683622887503992
ITW,4.46402645111084,2.0255489349365234,-0.13761579990386963,2.135674047470093,-4.419439345857671,8.883465796968512,6.4449882807941945,4.281823545953801,6.555113393327764
WFC,14.542753219604492,12.175613403320312,10.234259605407715,12.345927810668947,13.537851554703154,1.0049016649013378,-1.3622381513828419,-3.3035919492954395,-1.1919237440342076
DIS,3.1631956100463867,11.917093276977539,-1.6850007772445679,2.9746965885162355,-0.2303282363235852,3.393523846369972,12.147421513301124,-1.4546725409209826,3.2050248248398208
ED,-8.123679161071777,-6.153482913970947,-7.276592254638672,-7.3908051490783695,-6.4617924646487825,-1.6618866964229948,0.3083095506778353,-0.8147997899898893,-0.929012684429587
GLW,-15.061827659606934,-6.338407039642334,-8.29542064666748,-10.610580730438233,38.115081094847575,-53.17690875445451,-44.45348813448991,-46.410501741515056,-48.72566182528581
EXR,12.087067604064941,17.97892951965332,13.895757675170898,13.988916015625001,-2.359872264327114,14.446939868392056,20.338801783980436,16.255629939498014,16.348788279952117
BA,-5.517112731933594,-4.328267574310303,0.6693781018257141,-2.8047473669052128,-11.573482314994472,6.056369583060878,7.245214740684169,12.242860416820186,8.768734948089259
VTRS,-3.3550643920898438,0.3398970365524292,-0.5368126630783081,-1.488771414756775,11.58269411588518,-14.937758507975024,-11.242797079332751,-12.119506778963489,-13.071465530641955
SHW,1.335114598274231,-2.2032246589660645,-3.878948211669922,-1.4581783771514893,-1.2125180053675462,2.547632603641777,-0.9907066535985183,-2.6664302063023757,-0.24566037178394318
DUK,-10.918453216552734,-3.1711912155151367,-10.377869606018066,-9.152767372131347,-0.4410725238259267,-10.477380692726808,-2.73011869168921,-9.93679708219214,-8.71169484830542
CTAS,4.518599510192871,2.7054262161254883,1.2502278089523315,2.8486161708831785,-17.796179160889892,22.314778671082763,20.50160537701538,19.046406969842224,20.64479533177307
BK,-12.145347595214844,2.6939141750335693,-8.949472427368164,-7.89914517402649,6.117130902514649,-18.262478497729493,-3.42321672748108,-15.066603329882813,-14.01627607654114
INTC,4.215741157531738,3.2688095569610596,1.9747488498687744,3.129957914352417,102.27617983065214,-98.0604386731204,-99.00737027369108,-100.30143098078337,-99.14622191629972
STE,2.530519962310791,3.3569576740264893,3.207942247390747,2.966776418685913,0.03133014466976,2.499189817641031,3.3256275293567295,3.1766121027209873,2.935446274016153
WDAY,12.218961715698242,16.727474212646484,10.596905708312988,12.471841812133789,8.570912665216389,3.6480490504818537,8.156561547430096,2.0259930430965998,3.9009291469174006
CFG,3.2181501388549805,9.31629753112793,3.818023204803467,4.677728843688965,10.055742311436624,-6.837592172581644,-0.7394447803086948,-6.237719106633158,-5.378013467747659
PCG,-6.855531215667725,-4.92297887802124,-8.675681114196777,-7.197080707550049,6.222843321100926,-13.078374536768651,-11.145822199122167,-14.898524435297704,-13.419924028650975
NEM,-12.458555221557617,-9.002128601074219,-14.07205867767334,-12.412671279907228,17.61877857516025,-30.077333796717866,-26.620907176234468,-31.69083725283359,-30.03144985506748
HOOD,11.929698944091797,4.156790256500244,-2.498990774154663,4.603641319274902,31.960796861872296,-20.0310979177805,-27.804006605372052,-34.45978763602696,-27.357155542597393
CTRA,14.033770561218262,12.429117202758789,12.610603332519531,13.143572998046876,0.4496512546717881,13.584119306546473,11.979465948087,12.160952077847742,12.693921743375087
GOOG,-8.004196166992188,-3.1830265522003174,-1.7567591667175293,-4.54098744392395,42.98048925650341,-50.9846854234956,-46.16351580870373,-44.73724842322094,-47.521476700427364
PM,13.012773513793945,9.857444763183594,11.758218765258789,11.879885864257814,-13.369681731857003,26.38245524565095,23.227126495040597,25.127900497115792,25.249567596114815
PNR,5.26057767868042,6.739947319030762,1.6721694469451904,4.121088314056397,4.43927574120231,0.8213019374781103,2.300671577828452,-2.767106294257119,-0.3181874271459124
F,0.4471721053123474,4.298893451690674,4.822924613952637,2.9678173780441286,17.96384195429333,-17.516669848980982,-13.664948502602655,-13.140917340340692,-14.996024576249201
CPAY,14.954532623291016,15.208250045776367,14.82542610168457,14.953633499145509,-14.499176977498973,29.45370960078999,29.70742702327534,29.324603079183543,29.45281047664448
AMAT,-0.6218451261520386,3.3213987350463867,-1.9072037935256958,-0.34733982086181636,27.63750860061919,-28.259353726771227,-24.316109865572802,-29.544712394144884,-27.984848421481004
CMI,-11.480074882507324,-4.450216770172119,-6.693665981292725,-8.159539699554443,14.378697625536551,-25.858772508043877,-18.828914395708672,-21.072363606829278,-22.538237325090996
MA,4.902037620544434,-0.029799580574035645,1.4141355752944946,2.520509362220764,-1.5147820869321853,6.416819707476619,1.4849825063581497,2.92891766222668,4.0352914491529495
L,-1.2856543064117432,0.6960498690605164,-4.803016185760498,-2.2962582230567934,6.8598216203499405,-8.145475926761684,-6.163771751289424,-11.662837806110439,-9.156079843406733
AON,2.3152389526367188,2.935059070587158,-2.236396312713623,0.6185488700866699,-6.670686295631839,8.985925248268558,9.605745366218997,4.434289982918216,7.289235165718509
CAH,8.158241271972656,8.383068084716797,6.504940032958984,7.541886138916016,24.759201716130917,-16.60096044415826,-16.37613363141412,-18.254261683171933,-17.2173155772149
PG,7.416310787200928,11.355518341064453,7.841708660125732,8.374311447143555,-1.3476364181676193,8.763947205368547,12.703154759232072,9.189345078293352,9.721947865311174
NOW,3.900862216949463,8.555107116699219,11.370731353759766,7.819658851623536,5.166342656837771,-1.2654804398883082,3.3887644598614477,6.204388696921995,2.6533161947857646
FE,-11.552968978881836,-6.496928691864014,-6.771081924438477,-8.629006099700929,5.501849171045358,-17.054818149927193,-11.998777862909371,-12.272931095483834,-14.130855270746288
UPS,11.738992691040039,21.916242599487305,13.124124526977539,14.328495407104494,13.586446664091405,-1.8474539730513655,8.3297959353959,-0.4623221371138655,0.7420487430130898
DDOG,7.270814418792725,3.6427574157714844,5.43654203414917,5.811494064331055,19.37966837476784,-12.108853955975114,-15.736910958996354,-13.943126340618669,-13.568174310436785
OMC,-2.1888818740844727,9.052465438842773,-5.797995567321777,-1.3842578887939454,4.150328226945336,-6.339210101029809,4.902137211897437,-9.948323794267115,-5.534586115739282
MET,13.747880935668945,13.621011734008789,12.119709014892578,13.071238327026368,8.127878657280299,5.620002278388647,5.4931330767284905,3.9918303576122796,4.943359669746069
CRWD,8.662908554077148,12.665695190429688,6.028532028198242,8.409715270996093,27.76706112132353,-19.10415256724638,-15.101365930893841,-21.738529093125287,-19.357345850327434
NVR,-5.447892665863037,4.7699408531188965,-9.232850074768066,-4.918308925628662,-7.912966855298094,2.4650741894350565,12.682907708416991,-1.3198832194699728,2.9946579296694313
KIM,13.079813003540039,6.921712398529053,7.983059406280518,9.809491443634034,-1.419784664672895,14.499597668212933,8.341497063201947,9.402844070953412,11.229276108306928
MHK,-10.606223106384277,-5.028007984161377,-8.1753511428833,-8.518231296539307,-5.65379637287998,-4.952426733504297,0.6257883887186031,-2.5215547700033207,-2.864434923659327
EIX,-7.706298351287842,-4.311026573181152,-8.388876914978027,-7.300275421142579,2.347295277879551,-10.053593629167393,-6.658321851060704,-10.736172192857579,-9.647570699022129
ALB,-3.7493014335632324,-3.8472962379455566,-3.4209508895874023,-3.637560176849365,40.96913410404004,-44.71843553760327,-44.816430341985594,-44.39008499362744,-44.6066942808894
SNA,-3.017275333404541,3.348363161087036,0.9040214419364929,-0.17562892436981198,5.242582994586593,-8.259858327991134,-1.894219833499557,-4.3385615526501,-5.4182119189564055
MCO,-5.2226176261901855,-3.1593544483184814,-6.084112167358398,-5.1545628070831295,-6.398559896412277,1.1759422702220919,3.239205448093796,0.31444772905387897,1.2439970893291479
DRI,2.6136322021484375,3.994466781616211,7.346103668212891,4.782787704467774,-12.121764506357373,14.73539670850581,16.116231287973584,19.467868174570263,16.904552210825145
HPQ,3.882504940032959,6.129728317260742,3.7535557746887207,4.2803699493408205,10.249045574188724,-6.366540634155765,-4.119317256927982,-6.495489799500003,-5.968675624847903
APP,-3.560029983520508,-1.0191707611083984,-2.692462682723999,-2.7048312187194825,45.728728775458265,-49.28875875897877,-46.74789953656666,-48.421191458182264,-48.43355999417775
FICO,6.26265287399292,13.995473861694336,18.91205596923828,12.868978309631348,24.43799848329728,-18.17534560930436,-10.442524621602946,-5.525942514059,-11.569020173665933
ALGN,9.72984504699707,16.683839797973633,14.442337989807129,13.005641174316407,-0.6413485351639922,10.371193582161062,17.325188333137625,15.083686524971121,13.6469897094804
KKR,2.564089298248291,11.027009963989258,4.844009876251221,5.168641662597656,-16.672316851020284,19.236406149268575,27.69932681500954,21.516326727271505,21.84095851361794
BAC,11.181992530822754,14.709373474121094,3.181208372116089,8.687155055999757,19.651158848654948,-8.469166317832194,-4.941785374533854,-16.46995047653886,-10.964003792655191
ICE,-2.6709156036376953,-3.3710720539093018,-8.265007019042969,-5.048583459854126,-21.97700032154009,19.306084717902394,18.605928267630787,13.71199330249712,16.928416861685964
TSCO,-5.128175735473633,-6.068522930145264,-4.028038501739502,-4.876190280914307,-9.508900267978364,4.380724532504731,3.4403773378331,5.480861766238862,4.6327099870640565
CPB,-4.218648433685303,-3.162302017211914,-3.2254738807678223,-3.610109329223633,-7.317363810746865,3.098715377061562,4.1550617935349505,4.091889929979042,3.707254481523232
WSM,-12.621248245239258,3.0442118644714355,-1.3561006784439087,-4.982097196578979,-2.291341403079601,-10.329906842159657,5.335553267551036,0.9352407246356922,-2.6907557934993784
EFX,14.679917335510254,13.496166229248047,12.925238609313965,13.741295623779298,-12.562244490112818,27.24216182562307,26.058410719360865,25.487483099426782,26.303540113892115
AES,-0.32484710216522217,7.0799241065979,-4.776765823364258,-0.6246603488922118,9.309966672060607,-9.63481377422583,-2.230042565462707,-14.086732495424865,-9.934627020952819
ARE,0.516921877861023,4.477843284606934,4.584844589233398,2.9362752437591553,-20.67489951320806,21.191821391069084,25.152742797814994,25.25974410244146,23.611174756967216
A,7.3524556159973145,13.886430740356445,8.916882514953613,9.28502140045166,28.66633739441736,-21.313881778420047,-14.779906654060916,-19.749454879463748,-19.3813159939657
AMZN,1.9550142288208008,2.7053542137145996,-1.5640228986740112,0.6974673748016358,9.451887185216105,-7.496872956395304,-6.746532971501505,-11.015910083890116,-8.754419810414468
TKO,11.463356018066406,6.9098663330078125,6.348471164703369,8.506704139709473,17.649588950012827,-6.186232931946421,-10.739722617005015,-11.301117785309458,-9.142884810303354
CVS,4.787530899047852,4.562984943389893,-0.42257121205329895,2.6585808634757995,23.920857325740933,-19.13332642669308,-19.35787238235104,-24.34342853779423,-21.262276462265135
TPR,-7.1774468421936035,-4.416563034057617,-7.412271022796631,-6.719199752807618,1.6193710331646916,-8.796817875358295,-6.035934067222309,-9.031642055961322,-8.338570785972308
K,-3.544832706451416,1.6210286617279053,-4.933748722076416,-3.067226839065552,4.483549333476907,-8.028382039928324,-2.862520671749002,-9.417298055553324,-7.550776172542459
MDLZ,11.922987937927246,13.344995498657227,9.714301109313965,11.32391471862793,-7.175614762748584,19.09860270067583,20.52061026140581,16.88991587206255,18.499529481376513
BIIB,1.320234775543213,8.32829475402832,0.2021130621433258,2.2745980858802795,20.75929884341365,-19.439064067870437,-12.431004089385329,-20.557185781270324,-18.48470075753337
FDS,13.288986206054688,16.647789001464844,18.19668960571289,15.923828125000002,-30.798025822680085,44.087012028734776,47.44581482414493,48.99471542839298,46.72185394768009
ADM,-4.811498641967773,-0.7355700731277466,-1.958223819732666,-2.855002999305725,5.51203396636704,-10.323532608334814,-6.247604039494787,-7.470257786099706,-8.367036965672765
KMI,11.039562225341797,8.665172576904297,8.4884672164917,9.54424629211426,-2.130043684413063,13.16960590975486,10.79521626131736,10.618510900904763,11.674289976527323
NDAQ,-6.6730875968933105,-5.734342575073242,-1.5240634679794312,-4.4257289409637455,-11.113091603289584,4.440004006396274,5.378749028216342,9.589028135310153,6.687362662325839
